id,Pregnancies,Glucose,BloodPressure,SkinThickness,Insulin,BMI,DiabetesPedigreeFunction,Age
0,0.6,0.752,0.0,0.477,0.825,0.142,0.667,1.235
1,-0.4,-0.776,-0.375,0.015,-0.579,-0.627,-0.051,0.118
2,1.0,1.6,-0.5,0.2,1.343,-0.99,0.769,0.176
3,-0.4,-0.679,-0.375,-0.446,-0.362,-0.463,-0.513,-0.471
4,-0.6,0.485,-2.0,0.477,0.401,1.186,2.128,0.235
5,0.4,-0.024,0.125,-0.938,-0.43,-0.737,-0.436,0.059
6,0.0,-0.945,-1.375,0.246,-0.424,-0.144,-0.308,-0.176
7,1.4,-0.048,0.35,0.015,0.044,0.329,-0.615,0.0
8,-0.2,1.939,-0.125,1.246,2.389,-0.199,-0.538,1.412
9,1.0,0.194,1.5,0.954,0.73,0.475,-0.359,1.471
10,0.2,-0.17,1.25,0.323,0.036,0.581,-0.462,0.059
11,1.4,1.236,0.125,0.631,0.168,0.625,0.436,0.294
12,1.4,0.533,0.5,-0.215,0.049,-0.573,2.128,1.647
13,-0.4,1.745,-0.75,-0.446,2.389,-0.243,0.077,1.765
14,0.4,1.188,0.0,-0.754,0.474,-0.715,0.564,1.294
15,0.8,-0.412,0.0,-0.185,-0.224,-0.254,0.282,0.176
16,-0.6,0.024,0.75,1.4,1.041,1.482,0.462,0.118
17,0.8,-0.242,0.125,-0.262,-0.352,-0.298,-0.308,0.118
18,-0.4,-0.339,-2.0,0.708,-0.476,1.208,-0.487,0.235
19,-0.4,-0.048,-0.125,0.092,-0.342,0.252,0.41,0.176
20,0.0,0.218,1.0,0.938,1.093,0.768,0.846,-0.118
21,1.0,-0.436,0.75,0.138,-0.1,0.34,0.051,1.235
22,0.8,1.915,1.125,-0.015,1.35,0.823,0.205,0.706
23,1.2,0.048,0.5,0.477,-0.018,-0.364,-0.282,0.0
24,1.6,0.63,1.375,0.323,0.174,0.471,-0.308,1.294
25,1.4,0.194,-0.125,-0.215,-0.146,-0.133,-0.436,0.706
26,0.8,0.727,0.25,0.354,0.635,0.779,-0.282,0.824
27,-0.4,-0.485,-0.375,-1.062,0.112,-1.001,0.308,-0.412
28,2.0,0.679,0.625,-0.754,-0.197,-1.111,-0.333,1.647
29,0.4,0.0,1.25,0.015,-0.179,0.197,-0.077,0.529
30,0.4,-0.194,0.188,-0.215,0.445,0.405,0.462,1.824
31,0.0,0.994,0.25,0.554,1.196,-0.078,1.231,-0.059
32,0.0,-0.703,-0.875,-1.369,-0.775,-0.825,-0.256,-0.412
33,0.6,-0.606,1.25,-0.785,-0.56,-1.364,-0.462,-0.059
34,1.4,0.121,0.375,0.169,0.613,-0.518,0.359,0.941
35,0.2,-0.339,-0.75,0.323,0.649,-0.913,1.538,0.235
36,1.6,0.509,0.25,0.308,0.234,0.098,0.128,0.353
37,1.2,-0.364,0.25,0.631,0.046,0.065,0.744,1.0
38,-0.2,-0.655,-0.25,1.015,-0.484,0.647,0.333,-0.118
39,0.2,-0.145,0.0,1.4,0.804,0.526,2.128,1.588
40,0.0,1.527,-0.5,-0.292,-0.61,0.186,-0.256,-0.176
41,0.8,0.388,0.75,0.246,1.049,0.867,0.846,0.471
42,0.8,-0.267,1.25,-0.831,-0.465,-1.056,-0.333,1.118
43,1.2,1.309,2.0,-0.369,1.144,1.438,0.897,1.471
44,0.8,1.018,-0.5,-0.246,1.232,-0.54,-0.205,0.647
45,-0.6,1.527,-0.375,0.785,1.284,1.065,2.128,-0.235
46,-0.4,0.703,-1.0,0.169,0.548,-0.287,0.487,0.0
47,-0.2,-1.115,-0.125,-0.138,-0.866,-0.474,0.564,-0.412
48,0.8,-0.339,-0.375,0.246,0.226,0.746,-0.077,0.118
49,0.8,-0.291,0.25,0.092,0.013,0.118,-0.179,-0.294
50,-0.4,-0.339,0.5,-1.369,-0.486,-1.419,0.308,-0.412
51,-0.4,-0.388,-1.375,-1.062,-0.961,-0.891,0.41,-0.176
52,0.4,-0.703,-0.375,-0.6,-1.095,-0.869,-0.077,0.059
53,1.0,1.43,1.125,0.4,1.764,0.153,0.256,1.706
54,0.8,0.8,-0.375,1.015,2.197,0.263,0.897,0.765
55,-0.4,-1.067,-1.375,-1.446,-0.637,-1.023,-0.308,-0.471
56,0.8,1.697,-0.25,0.785,1.805,0.592,-0.308,0.706
57,-0.6,-0.412,1.0,2.169,-0.197,1.592,1.513,0.118
58,-0.6,0.703,0.625,0.923,0.998,0.9,2.128,0.882
59,-0.6,-0.291,-0.5,0.938,0.133,1.01,-0.513,-0.412
60,-0.2,-0.8,0.25,0.031,-0.538,0.269,-0.179,-0.471
61,1.0,0.388,0.0,-0.015,0.321,0.065,-0.256,0.588
62,0.4,-1.77,-0.625,0.0,-0.868,-0.803,0.564,0.412
63,-0.2,0.582,-0.875,0.4,-0.011,-0.759,0.846,-0.294
64,0.8,-0.073,-0.375,0.015,-0.121,0.054,-0.282,0.765
65,0.4,-0.436,0.125,-0.138,-0.55,-0.364,-0.436,0.176
66,-0.6,-0.194,1.0,0.092,0.133,0.021,1.256,0.529
67,-0.2,-0.194,1.25,0.754,0.04,1.142,1.205,1.471
68,-0.4,-0.533,-0.375,-1.215,-0.94,-1.397,-0.103,-0.235
69,0.2,0.703,0.812,-0.138,-0.3,-0.375,-0.462,-0.118
70,-0.2,-0.412,-0.375,-0.677,-0.404,0.065,1.282,-0.059
71,0.4,0.533,-0.5,0.477,0.112,-0.408,0.103,-0.176
72,2.0,0.218,1.125,0.815,0.408,1.219,0.538,0.765
73,0.2,0.291,0.875,-0.677,1.454,0.307,-0.359,-0.353
74,-0.4,-0.921,0.188,0.092,-0.664,-0.034,0.077,-0.412
75,-0.4,-0.524,-1.5,-0.677,0.372,-0.836,-0.59,-0.412
76,0.8,-1.333,0.375,0.215,-0.868,0.032,0.051,0.706
77,0.4,-0.533,0.0,0.323,-0.1,0.592,0.0,-0.118
78,-0.6,0.339,-0.1,0.554,1.003,1.197,-0.256,-0.176
79,-0.2,-0.121,-0.375,-0.523,-0.292,-0.803,-0.154,-0.294
80,0.0,-0.097,-1.75,-1.215,-0.174,-1.089,-0.59,-0.412
81,-0.2,-1.042,-0.475,-0.523,-0.903,-0.234,-0.692,-0.412
82,0.8,-0.824,0.375,-0.215,-0.6,-0.331,1.026,0.412
83,-0.6,-0.388,-0.438,-0.062,0.125,-0.847,-0.333,-0.412
84,0.4,0.485,2.0,0.831,0.321,1.812,-0.359,0.471
85,-0.2,-0.17,0.125,0.015,-0.042,0.01,0.846,-0.118
86,2.0,-0.267,0.0,1.938,0.028,0.471,-0.487,0.941
87,-0.2,-0.412,-0.25,-0.292,-0.6,0.68,-0.128,-0.176
88,2.4,0.461,-0.125,0.246,-0.197,0.526,-0.564,0.824
89,-0.4,-0.242,-0.25,-0.754,-0.401,-0.638,-0.538,-0.294
90,-0.4,-0.897,-1.062,-0.938,-0.612,-1.452,-0.282,-0.471
91,0.2,0.145,0.5,-1.062,0.484,-0.034,0.179,0.294
92,0.8,-0.873,0.375,0.862,-0.837,1.581,-0.282,0.765
93,0.2,0.412,0.0,-0.585,-0.36,-0.935,-0.231,1.824
94,-0.2,0.606,0.625,-0.831,-0.672,-0.836,1.0,-0.471
95,0.6,0.655,0.0,-0.138,1.021,0.175,-0.282,0.647
96,-0.2,-0.606,-0.625,-0.062,-0.449,-0.078,-0.615,-0.294
97,-0.4,-1.115,-1.5,-0.831,-0.548,-1.309,-0.128,-0.412
98,0.6,-0.582,-1.375,0.092,-0.672,-0.397,-0.026,-0.353
99,-0.4,0.121,1.125,1.708,0.938,1.911,-0.128,0.118
100,-0.4,1.115,0.0,0.446,0.888,0.735,2.128,0.235
101,-0.4,0.824,-0.75,-0.046,1.206,-0.682,-0.487,-0.412
102,-0.6,0.194,1.5,-0.292,0.143,-1.078,-0.282,-0.471
103,-0.4,-0.873,0.0,-0.831,-0.92,-0.627,-0.231,-0.294
104,-0.2,-0.776,-0.438,0.338,-0.529,0.801,1.436,-0.118
105,-0.4,0.218,-1.0,0.015,0.236,-0.397,1.103,-0.471
106,-0.4,-0.509,2.0,-0.292,-0.416,-1.089,-0.41,-0.118
107,0.2,0.655,-0.875,-0.062,0.112,-0.309,-0.205,0.471
108,0.0,-0.824,-0.875,0.169,-1.147,0.219,-0.077,-0.235
109,-0.6,-0.533,0.812,-0.292,-0.961,0.559,-0.308,-0.294
110,0.0,1.309,0.0,0.323,0.061,0.109,-0.436,-0.294
111,1.0,0.921,-0.625,-0.215,2.389,0.186,0.436,1.0
112,-0.4,-0.679,0.25,0.4,-0.95,-0.122,-0.462,-0.353
113,0.2,-0.994,-0.625,0.062,-0.837,0.186,0.051,-0.235
114,0.8,1.042,-1.125,0.246,0.474,-0.199,0.564,0.588
115,0.2,0.703,1.25,0.231,0.941,-0.122,0.436,1.882
116,0.4,0.17,0.125,0.692,0.652,0.186,-0.385,0.529
117,0.4,-0.945,-1.5,-0.415,-0.567,0.153,0.718,-0.235
118,0.2,-0.485,-0.75,-0.446,-0.569,-0.452,0.179,-0.412
119,0.2,-0.436,0.25,-1.062,-0.806,-1.001,-0.385,-0.471
120,-0.6,1.091,0.25,2.092,-0.3,1.971,1.0,-0.235
121,0.6,-0.145,-0.5,0.785,-0.028,0.208,-0.282,-0.294
122,-0.2,-0.242,0.125,0.092,-0.3,0.142,0.077,-0.353
123,0.4,0.364,0.5,-0.077,-0.354,-0.605,-0.462,2.353
124,-0.6,-0.097,0.25,0.092,0.139,0.109,-0.231,-0.353
125,-0.4,-0.703,-2.0,1.015,-0.311,1.971,0.333,-0.176
126,0.0,0.073,-0.125,0.092,0.061,1.164,0.205,0.059
127,-0.4,0.024,-0.875,0.554,-0.362,0.109,-0.282,-0.353
128,-0.4,0.0,1.0,-0.369,0.164,0.241,0.077,0.647
129,-0.6,-0.291,0.75,-0.431,-0.17,-0.485,0.949,1.941
130,0.2,1.358,-0.125,-1.138,0.401,-0.287,-0.026,0.235
131,1.2,0.121,-1.0,0.077,0.009,0.109,1.897,0.235
132,0.0,1.285,-0.5,0.631,0.99,0.241,-0.026,0.059
133,1.0,-0.8,0.125,0.169,-0.474,0.658,0.231,0.588
134,-0.2,-0.509,-0.25,-1.215,-0.827,-1.232,0.718,-0.176
135,-0.2,0.194,-0.75,-0.677,0.112,0.164,-0.718,0.118
136,-0.6,-0.412,-0.125,-0.215,-0.816,-0.166,0.59,-0.471
137,-0.6,-0.582,-0.75,-0.292,-0.383,-0.397,0.41,-0.412
138,-0.6,0.291,0.5,-0.231,-0.034,-0.122,0.846,0.0
139,0.4,-0.291,0.0,0.015,2.022,0.504,-0.538,-0.059
140,0.0,0.267,0.375,-0.031,-0.467,-1.232,-0.256,1.529
141,0.4,-0.267,0.625,0.092,0.451,0.79,-0.205,0.529
142,-0.2,-0.218,-1.25,-0.215,-0.682,0.021,-0.128,-0.412
143,1.4,-0.218,-0.375,0.708,-0.278,0.01,-0.256,0.765
144,0.2,0.897,-0.625,0.169,1.599,0.054,-0.333,-0.353
145,-0.6,-0.364,0.188,-0.446,-0.313,0.005,0.513,-0.471
146,1.2,-1.455,0.5,0.631,-0.868,0.054,-0.692,0.706
147,-0.2,-0.267,-0.5,0.477,-0.104,-0.199,2.128,0.294
148,0.4,0.727,0.375,-0.046,0.554,0.153,-0.385,2.118
149,-0.2,-0.655,-0.125,-0.908,-0.796,-0.551,-0.744,-0.412
150,-0.4,0.461,0.125,1.631,0.773,0.559,0.077,-0.294
151,0.2,-0.073,-0.438,-0.8,0.096,-1.144,0.154,0.471
152,1.2,0.945,0.875,-0.062,0.267,0.219,2.103,0.765
153,-0.4,0.873,0.625,1.015,2.389,0.911,0.821,-0.353
154,1.0,1.721,0.375,0.815,1.045,1.713,-0.59,0.824
155,0.8,0.848,1.0,1.169,0.923,1.944,-0.077,0.412
156,-0.2,-0.436,-1.25,-1.062,-0.362,-0.847,0.692,-0.471
157,-0.4,-0.194,-1.0,-0.6,0.061,-0.781,1.179,-0.353
158,-0.2,-0.703,0.125,-0.754,-0.785,-0.364,-0.359,-0.412
159,2.8,1.115,0.0,0.938,-0.156,0.944,1.154,1.059
160,0.2,0.824,1.125,0.708,0.34,-0.287,-0.205,0.412
161,0.8,-0.364,0.125,0.862,-0.249,0.537,-0.436,0.941
162,-0.6,-0.073,0.5,0.4,1.609,1.307,-0.513,-0.118
163,-0.2,-0.412,-0.5,-0.446,-0.449,-0.287,0.0,-0.471
164,-0.6,0.339,1.0,-0.431,0.536,-0.078,0.949,0.176
165,0.6,-0.315,0.125,-0.831,0.278,-0.265,0.897,0.706
166,0.0,0.752,-0.375,-0.292,1.049,0.021,-0.282,-0.412
167,0.2,0.073,-0.25,0.0,0.104,-0.298,0.872,0.294
168,0.2,-0.17,-0.375,0.477,-0.143,-0.045,0.256,0.0
169,0.0,-0.145,1.125,-1.292,-0.527,-0.43,0.333,0.0
170,0.6,-0.364,0.625,0.292,0.053,-0.166,-0.487,0.412
171,0.6,0.412,-0.125,-0.446,0.009,0.34,0.436,0.0
172,-0.2,-0.727,-0.325,-0.446,-0.756,-0.375,1.026,-0.235
173,-0.4,-0.921,-0.75,1.015,-0.837,1.23,0.795,-0.353
174,-0.2,-1.018,-0.5,-0.369,-0.765,-0.287,0.0,0.235
175,1.0,1.503,0.0,1.015,0.009,0.043,0.897,0.412
176,0.6,-0.776,0.375,-0.077,-0.777,-0.122,0.026,0.765
177,-0.6,0.291,2.0,1.323,0.009,1.971,-0.128,-0.176
178,0.4,0.63,0.375,0.662,1.019,1.395,-0.462,1.059
179,0.4,0.315,0.625,0.185,0.513,0.746,1.513,0.471
180,0.6,-0.727,0.5,-0.477,-0.839,-1.001,-0.744,0.176
181,-0.6,0.048,-0.5,-0.831,-0.383,0.285,0.897,-0.353
182,-0.4,-0.223,0.125,-0.677,-1.095,-0.507,-0.179,-0.471
183,0.4,-1.067,-0.75,-0.723,-0.905,-0.605,-0.256,-0.118
184,0.2,0.582,0.125,-0.185,0.234,-0.518,-0.333,0.647
185,0.8,1.867,-0.25,-0.062,1.409,0.395,0.949,0.706
186,1.0,1.552,-0.25,0.554,2.389,-0.243,0.641,1.824
187,-0.4,0.267,1.625,0.938,-0.734,-0.034,2.128,0.235
188,1.0,-0.194,0.25,0.785,-0.156,-0.485,0.692,0.118
189,0.4,0.533,0.5,0.477,0.319,-0.078,-0.026,-0.235
190,0.0,-0.145,-0.625,-0.785,0.207,-1.067,-0.59,-0.471
191,1.2,0.145,-0.125,1.169,-0.362,0.087,0.0,0.647
192,0.8,1.018,-0.375,-0.385,1.322,-0.21,0.026,0.412
193,1.6,0.436,0.625,0.646,0.811,1.971,0.538,0.647
194,1.0,-0.776,-1.062,-0.677,-0.598,-0.869,-0.59,0.765
195,0.4,0.994,0.75,0.938,0.835,0.779,0.077,0.0
196,-0.4,-0.291,-0.875,-0.277,0.364,-0.88,-0.462,-0.471
197,0.0,-0.242,-0.625,-1.215,-0.837,-1.034,0.795,-0.353
198,0.2,-0.194,-0.5,1.169,-0.311,0.274,1.359,-0.176
199,0.2,0.752,-0.75,-0.138,1.949,-0.155,-0.564,0.0
200,-0.6,-0.097,0.5,-0.985,-0.505,-0.144,1.282,-0.471
201,-0.4,0.509,0.625,0.431,1.173,0.856,-0.333,-0.059
202,-0.6,-0.218,-0.25,-0.677,-0.323,-0.551,1.077,0.176
203,-0.2,-0.436,-0.125,-0.985,-0.878,-1.309,-0.333,-0.118
204,0.6,-0.339,0.0,0.246,0.628,0.592,-0.128,1.529
205,0.4,-0.145,0.0,-0.062,-0.337,-0.924,0.103,-0.118
206,1.0,1.915,0.25,0.015,1.557,0.57,0.59,1.647
207,0.4,1.091,2.0,0.662,1.336,0.592,-0.564,1.353
208,-0.4,-0.509,-0.5,-0.138,-0.434,0.098,-0.205,-0.471
209,0.8,1.624,0.75,0.323,0.831,0.351,-0.026,0.706
210,-0.2,-0.873,-0.75,-0.523,-0.686,-0.507,-0.205,-0.235
211,-0.6,0.727,0.812,1.938,1.212,1.153,0.026,-0.294
212,0.8,1.503,1.438,0.169,1.003,0.208,-0.538,1.824
213,-0.6,0.558,-0.438,-0.215,0.009,1.131,0.154,-0.294
214,1.2,-0.121,0.625,0.246,0.474,0.208,-0.282,0.412
215,1.8,0.824,-0.125,0.862,1.464,1.043,0.949,0.529
216,0.4,-0.194,-0.625,0.938,-0.001,0.384,0.359,-0.235
217,0.6,0.194,-0.25,0.092,-0.094,-0.254,0.231,0.176
218,0.4,-0.776,0.125,-0.523,-0.771,-0.364,2.128,0.176
219,0.4,-0.121,-0.375,0.508,0.034,0.603,-0.282,0.706
220,-0.6,1.455,-0.75,0.015,2.389,0.252,1.795,-0.471
221,-0.2,0.994,1.125,0.308,0.363,-0.078,1.103,2.176
222,0.8,0.048,-0.325,-0.569,-0.304,-0.781,-0.41,0.471
223,0.8,0.606,-0.75,0.323,0.628,-0.386,0.821,1.882
224,-0.4,-0.412,-0.375,-1.062,-0.754,-0.957,0.769,-0.176
225,-0.4,-0.727,0.375,-0.138,-1.002,0.252,-0.692,-0.412
226,-0.6,-0.388,0.25,0.492,0.265,0.373,-0.436,-0.176
227,0.0,1.091,-1.25,0.708,1.071,0.537,0.718,-0.294
228,0.2,1.939,-0.125,0.785,2.389,0.482,2.128,0.118
229,-0.6,0.0,0.5,0.169,-0.785,1.416,-0.718,-0.294
230,0.2,0.606,0.875,0.954,1.107,1.285,0.692,-0.412
231,0.6,0.412,0.5,0.631,2.389,1.526,-0.333,1.0
232,-0.4,-0.921,0.5,-0.292,-0.95,-0.759,0.538,-0.412
233,0.2,0.121,-0.25,0.277,0.692,0.296,0.051,0.0
234,0.0,-1.042,-0.25,-0.062,-0.868,-0.287,-0.205,-0.353
235,0.2,1.309,0.0,0.8,0.999,1.241,0.282,-0.176
236,0.8,1.552,0.75,-0.6,0.649,0.395,0.564,1.294
237,-0.6,1.503,1.125,-0.138,0.439,1.296,0.821,-0.353
238,1.2,1.139,0.75,-0.6,-0.049,-0.166,1.179,0.176
239,-0.6,-0.315,0.25,-1.108,-0.74,-1.529,0.538,-0.118
240,-0.4,-0.63,-0.5,-0.369,-0.647,-0.342,-0.462,-0.471
241,0.2,-0.63,-0.125,0.246,-0.424,0.087,0.205,-0.412
242,0.0,0.533,-1.125,-0.138,0.385,-0.737,0.077,-0.412
243,0.6,0.048,-1.375,-0.523,0.484,-0.573,2.128,0.235
244,-0.2,0.703,0.25,0.477,0.67,0.647,-0.103,0.0
245,1.2,1.624,0.812,-1.062,0.001,-0.254,2.128,1.176
246,1.4,0.121,-0.25,0.292,0.11,-0.122,-0.282,0.706
247,-0.6,1.164,1.125,0.323,2.389,1.971,0.154,-0.353
248,1.2,0.17,-0.125,0.323,2.389,0.34,-0.231,0.294
249,-0.4,-0.145,0.875,-0.754,-0.302,-0.243,-0.59,-0.353
250,1.2,-0.267,-1.25,-0.185,-0.102,-0.122,0.026,0.765
251,-0.2,0.291,0.75,-0.262,-0.055,-0.474,-0.231,-0.118
252,-0.2,-0.655,0.5,-1.138,-0.765,-0.869,-0.308,-0.294
253,-0.6,-0.752,-0.25,0.246,-0.203,0.384,-0.333,-0.235
254,1.8,-0.606,-0.625,-1.677,1.33,-0.518,1.436,0.882
255,-0.4,-0.097,-0.5,0.477,0.269,0.142,0.436,-0.471
256,0.0,-0.145,-1.0,0.785,-0.22,-0.243,0.487,0.059
257,-0.2,-0.073,-0.25,-0.523,-0.428,-0.397,-0.718,-0.235
258,-0.4,1.842,-1.375,-0.985,2.389,-0.704,0.744,-0.294
259,1.6,0.921,0.25,-0.062,0.216,0.109,2.128,1.294
260,0.0,1.794,-0.25,-1.062,0.009,-0.155,-0.179,0.294
261,0.0,0.582,0.075,-0.185,0.946,-0.254,1.0,-0.118
262,0.2,-0.533,-0.125,0.246,-0.426,-0.023,0.615,-0.294
263,0.0,0.606,0.5,-1.062,-0.212,0.01,-0.436,2.0
264,0.2,0.145,-0.625,-0.185,0.028,-0.034,-0.359,0.353
265,0.4,-0.509,0.125,-0.831,-0.641,0.142,1.615,0.824
266,-0.6,0.509,0.037,0.492,0.139,0.438,1.436,-0.235
267,-0.2,0.267,-0.5,1.015,0.855,0.845,1.872,-0.294
268,-0.6,-0.364,-1.25,-0.892,0.001,-0.792,-0.744,-0.471
269,-0.2,0.703,0.062,0.046,0.294,-0.529,-0.333,-0.059
270,1.4,-0.388,0.875,0.631,0.063,1.46,1.974,0.529
271,-0.2,-0.218,-0.625,0.246,-0.754,-0.781,-0.615,-0.471
272,0.0,0.121,0.375,-0.046,-0.039,-1.023,-0.308,0.647
273,-0.4,-1.115,0.375,1.631,-0.868,0.098,0.128,-0.471
274,2.0,-0.267,-0.125,0.692,0.082,0.208,-0.308,1.353
275,-0.2,-0.412,-0.125,1.785,-0.744,0.9,0.795,-0.235
276,0.8,-0.267,-0.75,-0.369,0.092,-0.638,-0.179,0.0
277,-0.6,-0.315,-0.5,-0.446,-0.135,-0.496,0.205,-0.353
278,0.4,-0.073,0.125,-0.8,-0.455,-0.814,0.949,1.647
279,-0.2,-0.218,-0.625,-1.446,1.537,-0.77,1.308,-0.412
280,-0.6,0.703,-0.125,0.292,1.409,0.614,-0.103,-0.059
281,1.4,0.291,0.25,-0.062,-0.073,0.395,-0.231,0.588
282,0.8,0.388,1.0,-1.062,0.267,0.01,-0.282,0.471
283,0.8,1.067,0.875,0.277,0.363,-0.21,-0.538,1.059
284,-0.2,-0.218,0.5,-0.262,-0.127,-0.584,-0.282,1.353
285,0.8,0.461,0.125,-0.215,0.061,-0.693,0.718,1.294
286,0.4,0.921,0.75,1.169,2.389,0.702,0.641,0.294
287,-0.4,0.048,0.875,0.785,0.938,1.46,1.128,0.0
288,0.2,-0.509,-1.0,-0.908,-0.827,-1.265,-0.077,-0.176
289,0.4,-0.218,0.0,1.092,-0.558,0.416,-0.282,0.235
290,-0.6,-0.945,1.0,0.015,-0.92,0.504,0.154,-0.471
291,-0.6,-0.242,-0.625,0.092,-0.569,0.471,1.0,-0.235
292,-0.2,0.267,0.375,0.631,0.546,1.208,2.128,0.118
293,-0.4,0.267,-1.5,1.246,0.67,0.9,0.615,-0.294
294,-0.6,1.067,-1.375,-0.154,1.848,-1.144,-0.308,2.118
295,0.6,0.824,-0.625,0.169,-0.094,0.351,0.821,-0.059
296,-0.2,0.703,-0.125,0.708,2.383,-0.474,-0.077,0.0
297,-0.6,0.218,0.75,0.015,0.886,-0.177,0.385,-0.294
298,2.2,-0.412,0.375,-0.292,0.567,0.471,0.103,1.0
299,1.0,-0.121,0.0,-0.692,-0.426,-0.957,1.205,1.706
300,-0.6,1.212,0.2,0.123,0.092,-0.001,1.205,0.059
301,-0.2,0.655,-0.875,0.323,0.061,-0.078,0.128,-0.235
302,0.4,-0.97,0.625,0.938,-0.899,0.384,-0.538,0.353
303,0.4,-0.048,1.625,0.892,0.897,1.971,-0.41,-0.059
304,0.0,0.8,0.25,-0.692,-0.387,-1.243,-0.41,0.471
305,-0.2,0.073,0.25,0.631,-0.249,0.812,-0.385,0.0
306,1.4,1.067,-0.25,-0.446,0.03,-0.748,-0.103,1.059
307,-0.6,0.485,-0.25,-1.138,0.195,-0.825,-0.59,-0.471
308,-0.6,0.267,-0.25,-0.754,0.525,-0.199,2.128,-0.235
309,-0.2,0.17,-0.25,-0.062,0.783,0.065,1.308,0.059
310,0.6,-0.897,-0.375,0.092,-0.657,-0.671,-0.154,0.706
311,-0.6,-0.267,-0.125,0.631,0.195,0.779,0.59,-0.412
312,-0.2,0.921,0.125,-0.908,-0.342,-0.627,0.154,-0.118
313,0.0,-0.097,-1.375,-1.446,-0.455,-0.309,0.667,-0.235
314,0.8,-0.194,0.5,0.169,0.228,0.395,1.949,0.824
315,-0.2,-0.121,-0.25,-0.523,-0.362,0.197,-0.128,-0.176
316,0.0,-0.436,0.5,-1.369,-0.672,-1.43,-0.231,0.059
317,0.0,1.576,0.125,0.431,0.712,-0.199,-0.077,0.0
318,0.0,-0.048,-0.375,0.785,0.112,0.636,-0.564,-0.059
319,0.6,1.867,0.375,-0.262,0.409,-0.968,-0.615,1.765
320,0.2,0.291,-0.75,-1.292,1.052,-0.529,0.41,0.118
321,0.0,-0.121,0.125,0.092,-0.137,-0.078,-0.436,-0.235
322,-0.6,0.17,-0.125,-0.677,-0.203,-0.54,-0.308,0.412
323,2.0,0.848,1.125,0.323,-1.033,-0.605,0.923,0.824
324,-0.2,-0.121,0.188,0.246,0.065,0.373,-0.564,-0.471
325,-0.4,0.97,0.0,-0.6,0.401,-0.737,-0.641,-0.294
326,-0.4,0.121,-0.5,0.246,0.278,0.307,0.821,0.059
327,1.4,1.503,-0.125,0.538,0.543,0.307,-0.436,0.471
328,-0.2,-0.364,0.875,0.554,-0.094,1.449,-0.615,-0.353
329,0.6,-0.291,-0.125,0.246,-0.631,-0.166,-0.641,0.471
330,1.0,0.024,0.0,-0.754,-0.494,-1.012,2.128,1.0
331,-0.2,-0.727,-0.875,-0.985,-0.796,0.043,-0.513,-0.235
332,-0.4,1.527,0.525,0.615,0.778,1.208,-0.231,0.706
333,1.8,-0.267,0.5,-0.415,-0.484,-0.957,-0.59,0.882
334,-0.4,-0.533,-0.75,-0.831,-0.734,-0.924,-0.282,-0.412
335,-0.6,1.164,0.25,1.092,1.299,1.713,-0.282,-0.176
336,-0.6,0.0,0.1,-0.169,-0.189,0.164,1.436,0.882
337,0.4,-0.048,0.25,-0.308,-0.309,-0.122,-0.077,0.882
338,1.2,0.848,0.375,0.4,0.432,0.208,1.333,0.235
339,0.8,1.479,0.75,0.523,1.902,0.834,-0.103,0.706
340,-0.4,0.315,-0.125,-1.215,-0.249,-0.704,0.256,-0.412
341,-0.4,-0.533,0.125,-0.6,-0.579,-0.704,0.769,0.412
342,-0.4,-0.354,-0.25,0.477,0.724,-0.034,0.051,-0.412
343,0.4,0.121,0.875,-0.108,0.439,0.263,-0.205,0.235
344,1.0,-0.533,0.0,0.062,-0.344,0.493,0.282,1.647
345,1.0,0.218,1.0,0.554,-0.218,0.68,-0.051,1.176
346,-0.4,0.533,-1.625,-0.754,-0.476,-0.397,0.718,-0.412
347,0.0,-0.024,0.3,-0.877,-0.379,-0.968,-0.462,-0.353
348,0.0,-0.436,-0.625,-0.754,-0.569,-1.155,-0.231,-0.176
349,0.4,-0.354,0.5,0.246,0.245,0.955,-0.051,0.471
350,0.2,-0.606,0.5,0.446,-0.251,1.087,-0.333,0.0
351,0.2,0.485,0.75,0.308,0.449,-0.122,-0.308,0.059
352,0.0,-1.358,0.625,-0.062,-0.829,0.23,-0.333,1.0
353,-0.4,-0.655,-0.625,-1.292,-0.889,-0.562,0.538,-0.294
354,0.0,-0.655,0.375,0.538,-0.519,1.142,0.487,-0.471
355,1.2,1.164,1.0,0.292,0.855,-0.21,-0.179,1.176
356,-0.4,0.194,-1.375,0.862,0.391,0.109,1.513,-0.059
357,2.0,0.291,0.825,0.092,0.65,0.834,0.513,0.882
358,1.8,-0.703,0.125,0.862,-0.775,0.329,0.026,1.118
359,-0.4,1.915,0.25,0.554,1.237,0.46,1.308,0.0
360,0.4,1.745,-0.5,0.323,2.022,-0.122,0.538,0.0
361,0.4,0.994,-0.125,-0.323,-0.189,-0.276,-0.41,2.0
362,0.4,-0.339,2.0,0.631,-0.278,0.757,-0.179,2.118
363,0.2,0.703,0.375,0.462,0.69,0.68,0.385,2.235
364,0.2,0.727,0.125,-0.292,1.691,0.285,0.026,0.059
365,0.4,-0.436,-1.125,-0.062,-0.476,0.186,0.333,0.059
366,0.6,0.17,0.0,-0.262,-0.203,-0.518,0.0,0.0
367,-0.6,-0.388,-0.5,-0.908,-0.515,-1.243,-0.308,-0.471
368,0.0,-0.873,0.875,-0.985,-0.651,-0.529,-0.154,-0.412
369,-0.4,0.388,1.875,-0.062,0.112,0.054,-0.359,0.941
370,0.0,1.358,0.625,1.477,2.389,0.669,2.128,-0.235
371,-0.6,0.024,-0.5,-0.446,-0.414,-0.595,2.128,-0.471
372,-0.6,-0.8,-0.5,-0.523,-0.651,0.384,0.462,-0.471
373,-0.2,-0.291,-0.875,0.862,-0.362,0.285,-0.385,-0.235
374,-0.2,0.121,-1.25,1.092,0.298,0.427,1.154,-0.059
375,1.8,0.558,0.625,1.092,2.022,0.757,0.41,1.706
376,-0.6,-0.461,0.625,-1.062,-0.465,-0.781,-0.179,-0.412
377,-0.4,-0.727,-0.75,0.631,-0.558,0.537,0.359,-0.412
378,0.2,0.945,0.188,0.862,0.867,1.757,-0.333,0.176
379,-0.6,-0.582,1.75,0.785,-0.589,1.219,1.667,0.353
380,-0.4,-0.242,0.0,0.092,-0.486,-0.166,1.154,-0.294
381,-0.6,-0.291,-0.25,-0.523,-0.564,-1.353,-0.333,-0.412
382,-0.4,-0.194,-0.75,-1.6,0.546,-0.759,1.487,-0.471
383,-0.4,-0.655,-0.625,-0.831,-0.723,-0.792,2.128,-0.235
384,-0.4,0.194,-0.125,-0.369,-0.197,-0.88,-0.385,-0.235
385,-0.4,0.048,-1.125,-1.215,-0.816,-1.1,-0.436,-0.294
386,0.4,-0.024,0.125,0.015,0.271,-0.001,0.744,0.353
387,1.0,-0.291,1.75,0.554,0.24,1.208,-0.333,0.941
388,0.4,0.655,0.625,-0.215,1.609,-0.034,0.205,1.706
389,0.0,-0.412,-0.25,-0.446,-0.496,-0.078,1.487,-0.059
390,-0.4,-0.412,-0.375,0.015,0.69,-0.034,0.179,0.765
391,0.4,1.188,0.25,0.969,0.927,1.471,-0.077,-0.118
392,-0.4,0.339,-0.5,-1.138,2.389,-0.946,0.051,-0.471
393,0.2,-0.024,0.0,-1.292,-0.434,-1.122,0.231,0.471
394,0.2,0.994,0.375,0.246,0.441,0.065,1.103,0.118
395,-0.2,0.242,-0.875,-0.369,1.506,-0.507,2.128,-0.235
396,0.0,-0.509,-1.0,0.4,-0.146,-0.836,1.462,0.588
397,-0.6,0.339,-0.375,0.862,0.207,0.219,-0.436,-0.412
398,0.0,-0.848,-0.125,-0.508,-0.802,-1.232,0.051,-0.235
399,0.0,1.842,-0.125,0.169,1.74,0.285,-0.333,-0.235
400,0.2,-0.533,-0.5,0.046,-0.119,-0.034,-0.538,0.118
401,0.6,0.485,-0.688,-0.369,0.999,-0.891,-0.564,1.529
402,0.4,0.461,0.75,0.938,-0.424,0.296,-0.205,0.353
403,1.2,-1.091,0.375,-0.292,-0.825,-0.078,-0.231,0.529
404,0.4,1.236,-0.5,0.031,0.443,0.065,-0.59,0.706
405,-0.2,0.145,-1.5,0.246,0.37,1.076,0.385,-0.176
406,0.2,-0.048,0.0,-0.462,-0.377,-0.375,0.026,1.0
407,-0.6,-0.388,-0.625,-0.185,0.065,-1.144,-0.077,-0.235
408,1.0,1.939,0.125,0.4,0.541,-0.704,2.103,0.588
409,-0.4,1.333,-0.25,1.554,2.389,1.109,0.846,-0.059
410,0.6,-0.364,1.125,0.785,0.042,0.373,0.769,-0.059
411,-0.4,-0.121,0.0,0.092,0.484,0.23,0.41,-0.235
412,-0.4,0.63,0.75,-0.446,1.867,1.109,1.821,-0.412
413,-0.4,0.63,0.125,-0.523,-0.703,-0.671,-0.282,-0.471
414,-0.6,0.509,-0.75,0.477,0.391,0.252,0.41,-0.471
415,0.0,1.358,0.75,0.323,2.389,0.373,-0.282,-0.412
416,-0.4,-0.485,-0.25,-0.6,-0.624,-0.562,1.872,-0.412
417,0.2,0.655,0.625,0.246,0.68,0.68,0.462,0.471
418,-0.4,-0.824,-0.25,-0.662,-0.8,-1.551,0.641,-0.118
419,0.0,0.291,-0.5,0.015,-0.146,-0.649,-0.385,-0.059
420,-0.4,0.048,1.0,0.938,0.422,1.427,0.359,-0.176
421,-0.2,-0.558,-0.25,-0.831,-0.548,-0.693,0.487,-0.471
422,-0.6,-0.364,-0.5,1.323,-0.527,0.911,0.333,-0.471
423,-0.2,-0.048,-0.5,-0.523,-0.298,-0.166,0.128,-0.471
424,1.0,0.824,0.375,0.246,0.835,1.164,0.385,0.412
425,0.2,1.624,0.375,0.785,1.526,0.515,-0.282,0.118
426,-0.6,-0.558,-0.287,-0.354,-0.591,0.001,-0.282,-0.235
427,-0.4,1.552,-0.5,0.092,0.525,0.197,-0.103,0.529
428,-0.6,0.436,1.375,1.323,0.164,0.911,-0.231,-0.176
429,-0.4,-0.533,0.625,-0.292,0.525,0.296,-0.359,0.824
430,-0.2,-0.436,-0.3,-0.677,-0.682,-1.111,-0.667,-0.353
431,0.0,-0.679,0.125,-0.985,-0.455,-0.21,0.462,0.529
432,-0.4,-0.897,0.125,-1.369,-0.713,-0.254,0.41,-0.412
433,-0.2,0.533,0.188,-0.262,-0.385,-0.737,-0.513,0.0
434,-0.4,-0.655,-0.25,-1.6,-0.243,-0.858,1.974,0.412
435,-0.6,0.582,0.213,0.277,1.338,1.109,-0.436,0.0
436,1.8,0.558,0.812,0.323,0.503,0.559,-0.333,0.706
437,0.4,0.727,0.188,-0.062,0.659,-0.265,0.154,-0.059
438,-0.4,-0.485,-0.125,-1.062,-0.678,-1.551,-0.564,-0.471
439,0.6,-0.242,1.0,0.246,0.131,0.493,0.923,0.118
440,-0.6,1.745,2.0,-0.292,0.829,0.219,0.179,0.706
441,-0.2,-0.824,-0.375,-0.446,-0.816,-0.012,0.333,-0.412
442,0.2,0.0,-0.5,-0.138,-0.094,0.098,-0.359,-0.294
443,1.0,-0.218,-0.125,0.015,-0.28,-0.199,1.513,0.235
444,0.2,0.0,-0.625,-1.292,0.401,-0.287,0.026,0.059
445,-0.6,1.527,0.375,2.169,-1.188,1.971,2.128,-0.235
446,-0.4,-0.412,0.0,-1.292,-0.61,-0.77,0.744,-0.059
447,-0.6,-0.533,0.5,1.246,-0.383,0.46,-0.103,-0.176
448,-0.6,-0.315,-0.5,0.631,-0.672,0.142,0.359,-0.412
449,-0.6,0.073,0.125,-0.831,-0.682,-0.199,-0.231,-0.176
450,-0.4,-0.848,-0.5,-1.215,-0.352,-1.221,0.128,-0.353
451,-0.2,0.412,-0.125,-0.077,-0.36,-0.375,0.436,-0.353
452,-0.6,-0.63,-0.25,0.246,0.835,0.834,0.026,-0.235
453,-0.2,0.048,-0.325,-0.846,-0.534,-1.397,1.179,2.529
454,-0.2,-0.412,-1.125,-0.062,-0.249,0.603,0.333,-0.294
455,2.2,1.406,-0.625,0.092,0.793,0.142,-0.41,0.529
456,-0.4,0.436,-1.125,-0.538,0.928,-0.616,0.821,1.941
457,0.4,-0.752,-0.25,-0.062,-0.6,-0.232,-0.026,-0.294
458,1.4,0.752,0.75,1.477,1.114,0.581,1.615,1.294
459,1.2,0.412,0.125,0.323,-0.713,-0.704,0.231,3.059
460,1.2,0.073,0.0,-0.523,-0.754,-1.265,0.923,1.118
461,-0.4,-1.115,-0.625,-0.308,-0.763,-1.155,0.128,-0.176
462,1.0,-1.042,-0.125,0.862,-0.827,0.329,0.846,0.588
463,0.4,-0.703,0.375,0.092,-0.705,-0.518,-0.282,0.471
464,1.4,-0.048,1.625,-0.877,-0.358,-0.913,1.667,0.294
465,-0.6,0.17,-1.0,-1.215,-0.249,-1.155,0.205,-0.471
466,-0.6,-1.042,-1.25,-1.446,-0.961,-0.496,-0.256,-0.412
467,-0.6,-0.485,-0.5,0.554,-0.3,0.493,0.59,-0.235
468,1.0,0.073,0.1,-0.231,-0.364,-0.254,-0.487,0.529
469,0.6,0.897,0.375,0.938,0.112,1.515,0.513,-0.118
470,-0.4,0.655,0.625,0.862,0.94,0.988,0.615,-0.059
471,-0.6,0.485,-0.125,0.708,0.567,0.098,-0.513,-0.412
472,-0.6,0.048,-0.375,-0.138,-0.086,0.713,-0.282,-0.412
473,0.8,0.461,1.125,0.031,0.863,-0.265,-0.41,1.235
474,0.2,-0.073,-0.5,-0.523,-0.046,-0.375,-0.615,-0.294
475,-0.6,0.485,0.75,-0.138,1.156,-0.551,-0.359,1.765
476,-0.2,-0.291,0.5,1.246,0.639,0.153,0.872,0.0
477,0.8,-0.073,0.25,-0.908,-0.197,-0.935,0.256,0.118
478,1.0,0.218,0.125,0.708,-0.558,-0.704,-0.538,0.588
479,0.2,0.364,0.875,0.169,0.003,-0.474,0.128,2.0
480,0.0,0.994,-0.125,0.092,2.053,0.351,-0.077,0.353
481,-0.6,0.145,1.0,0.631,0.304,0.318,-0.436,0.0
482,0.2,-0.776,-0.875,-0.523,-0.827,-0.496,-0.154,-0.059
483,-0.6,-0.8,0.625,0.169,-0.042,0.647,-0.359,-0.353
484,-0.6,0.679,0.688,0.785,0.781,1.307,0.667,0.118
485,-0.6,0.436,-0.25,1.015,1.248,1.098,-0.026,-0.294
486,-0.4,0.533,-0.625,0.938,2.389,0.922,0.436,-0.471
487,-0.6,1.358,0.375,0.246,1.402,1.559,2.026,1.706
488,0.2,-0.436,0.0,-0.908,-0.794,-0.737,-0.205,-0.059
489,1.0,1.867,0.5,0.062,0.654,-0.682,0.462,2.235
490,-0.2,-0.824,-0.438,-0.062,-0.651,0.493,0.667,-0.294
491,-0.2,-0.679,1.125,0.092,-0.43,0.131,-0.205,0.765
492,0.2,-0.436,-0.25,0.708,-0.391,0.054,-0.59,0.235
493,0.2,0.194,-0.125,-0.831,-0.073,-0.375,1.974,0.941
494,0.0,-0.897,-0.463,-0.092,-0.843,-0.529,-0.513,-0.412
495,0.6,1.188,0.125,-0.785,-0.152,-0.627,-0.179,2.176
496,0.4,-0.17,-0.25,-0.431,-0.051,-0.693,-0.205,0.059
497,-0.2,-0.873,0.0,-1.062,-0.548,-0.243,0.462,-0.235
498,0.8,1.891,-0.125,0.323,0.164,-0.792,-0.538,1.529
499,0.6,0.897,0.125,0.246,0.659,-0.331,1.205,0.588
500,-0.2,0.0,1.125,-0.754,-0.6,-0.781,-0.154,-0.471
501,0.0,-0.8,0.0,0.246,-0.203,0.537,-0.256,-0.059
502,0.6,-0.281,-0.25,0.938,1.404,0.735,0.923,0.706
503,0.8,-0.558,-0.5,-0.292,-0.517,0.109,0.949,0.706
504,0.0,-0.509,0.375,0.785,-0.108,0.548,-0.333,0.647
505,1.4,-1.018,0.625,0.492,-0.849,0.109,-0.282,0.529
506,-0.6,1.527,1.125,-0.215,-0.404,0.46,-0.154,0.353
507,-0.4,0.315,-0.75,-0.446,0.422,-0.408,0.821,-0.471
508,-0.2,-0.8,-1.375,-0.446,-0.548,-0.21,1.538,-0.471
509,1.0,0.073,0.375,-0.154,0.134,-0.803,0.103,2.059
510,1.8,-0.8,0.0,0.169,-0.587,-0.287,-0.179,1.0
511,-0.6,0.533,-0.625,-0.908,0.835,-1.122,-0.41,-0.471
512,1.2,-0.63,-0.25,-0.892,-0.711,-0.891,-0.436,1.706
513,-0.2,-0.63,-0.625,-0.892,-0.309,-0.551,0.385,-0.412
514,0.0,-0.436,-1.125,-0.754,-0.445,-0.737,-0.564,-0.294
515,0.0,1.115,-0.125,-0.831,-0.249,-0.078,-0.256,-0.059
516,1.2,0.679,1.0,0.4,0.37,-0.221,1.026,1.412
517,0.8,0.194,0.875,0.308,0.48,0.581,-0.179,1.294
518,2.0,-0.994,-0.75,-0.138,-0.87,0.054,-0.487,0.706
519,0.6,0.291,1.125,-1.677,2.032,-1.397,0.538,1.824
520,-0.2,-1.188,-0.125,0.246,-0.651,-0.803,-0.462,-0.235
521,0.0,0.17,0.5,0.323,0.009,0.098,-0.179,-0.176
522,0.6,-0.073,-0.175,-0.185,0.232,-0.069,-0.462,-0.176
523,1.2,0.315,-0.125,0.0,0.465,0.208,0.718,0.941
524,0.0,0.194,-0.875,-0.323,0.534,-0.078,-0.564,-0.294
525,0.0,-0.727,-0.75,-0.831,-0.754,-1.155,0.179,-0.471
526,-0.4,-0.485,-0.5,-0.754,-0.486,-1.551,-0.179,-0.471
527,0.0,-0.024,0.125,-1.062,-0.249,-0.66,-0.667,-0.294
528,-0.6,0.0,-0.375,0.169,0.608,-0.166,0.308,-0.412
529,-0.6,-0.145,-0.438,-0.662,0.207,-0.847,0.744,0.118
530,-0.2,0.121,-0.75,-0.831,-0.238,-0.276,0.897,-0.412
531,-0.6,-0.242,0.25,0.538,0.686,1.427,0.821,-0.294
532,-0.4,-0.752,-0.375,1.785,-0.662,0.988,1.41,0.0
533,0.6,-0.63,-0.475,-0.308,-0.042,-0.276,0.333,0.118
534,-0.4,-0.97,-1.0,0.092,-0.754,0.109,2.128,-0.294
535,0.2,0.364,0.35,-0.077,0.311,0.065,-0.179,-0.353
536,-0.6,-0.291,1.125,-0.415,-0.17,-0.298,-0.436,1.0
537,-0.6,-1.455,-0.75,-0.246,-0.868,-1.166,0.949,2.235
538,-0.6,0.242,0.5,0.631,0.835,0.438,1.103,-0.353
539,0.0,0.291,1.25,1.554,0.267,0.449,1.538,0.176
540,1.0,-0.412,0.125,0.862,0.886,0.779,0.744,0.824
541,0.0,0.267,0.0,-0.292,0.628,0.01,0.462,-0.118
542,1.4,-0.655,0.812,0.246,-0.406,0.285,1.154,1.588
543,0.2,-0.8,1.125,-0.446,-0.754,0.79,-0.538,-0.235
544,-0.4,-0.703,0.375,0.015,-0.548,-0.034,-0.026,0.0
545,1.0,1.673,1.125,0.477,0.99,0.241,0.128,0.471
546,0.4,1.697,0.25,-0.138,0.804,1.241,1.692,1.412
547,0.2,0.339,-0.25,-0.6,0.381,0.087,-0.538,-0.059
548,-0.4,1.139,0.625,1.092,-0.641,0.054,-0.077,1.235
549,0.2,1.745,2.0,0.169,0.655,-0.419,0.795,0.471
550,-0.4,-0.024,-0.125,-0.062,0.096,-0.54,-0.436,-0.471
551,0.0,-0.8,-0.25,0.092,-0.238,-0.045,0.564,-0.235
552,0.6,-0.073,1.0,-0.785,-0.092,-0.496,-0.308,2.176
553,-0.4,-0.703,-0.625,-0.369,-0.878,-0.265,0.128,-0.353
554,-0.4,-0.8,-0.5,-0.446,-0.146,0.504,0.256,-0.059
555,0.8,0.17,-0.125,0.323,0.886,-0.748,-0.538,0.471
556,-0.4,-0.485,-0.125,0.862,0.057,0.636,-0.385,0.059
557,1.0,-0.17,0.25,-0.092,-0.358,-0.496,-0.333,1.706
558,1.6,-0.339,-0.25,0.862,0.088,1.526,-0.615,0.765
559,1.6,-0.776,0.125,-0.446,-0.697,-0.243,-0.179,0.353
560,0.6,0.194,0.25,0.446,0.234,0.164,-0.641,1.471
561,-0.6,1.964,-0.375,0.246,1.495,0.988,0.333,-0.059
562,-0.4,-0.727,-0.25,0.4,-0.538,0.581,0.077,-0.294
563,0.6,-0.436,-0.75,-0.754,-0.775,-0.595,0.333,0.176
564,-0.6,-0.63,0.5,-0.169,-0.525,0.01,0.59,-0.118
565,-0.2,-0.533,-1.125,-1.138,-0.424,-0.682,0.974,-0.412
566,-0.4,-0.436,0.0,0.092,-1.147,0.691,0.103,-0.471
567,0.6,-0.606,-0.625,0.246,-0.032,-0.034,-0.744,1.0
568,0.2,0.897,0.0,0.015,-0.032,-0.111,-0.077,0.471
569,-0.6,0.097,-0.375,0.092,0.37,0.219,-0.436,0.235
570,0.0,-0.945,-0.125,-0.2,-0.639,0.021,-0.256,0.588
571,-0.2,0.315,1.5,-0.154,0.317,-1.067,-0.256,-0.471
572,0.0,-0.145,-0.875,0.169,-0.878,-0.309,0.154,-0.412
573,-0.2,-0.461,-0.75,-0.908,-0.094,0.263,-0.436,-0.412
574,-0.4,0.63,0.875,0.092,2.073,-0.243,1.333,-0.353
575,-0.4,0.048,-1.75,1.4,-0.682,0.351,-0.231,-0.235
576,0.6,-0.218,-1.75,-0.677,0.009,-0.913,1.128,0.353
577,-0.2,0.024,0.5,0.585,0.562,1.164,0.821,-0.471
578,1.4,0.388,-0.25,-0.6,0.543,-0.584,-0.333,0.412
579,-0.2,1.939,-0.125,2.169,1.566,0.263,0.513,1.941
580,-0.6,0.824,1.125,1.323,1.496,1.076,0.0,-0.471
581,0.6,-0.194,-0.75,-0.138,-0.267,-0.803,-0.41,-0.118
582,1.8,0.097,0.375,-0.908,-0.348,-0.638,-0.282,1.941
583,1.0,-0.412,0.25,0.246,-0.067,0.702,-0.462,0.765
584,1.0,0.17,0.25,-0.369,2.389,-0.397,0.821,1.353
585,-0.4,-0.582,-1.0,-1.369,-0.73,-1.078,0.128,-0.412
586,1.0,0.63,-0.375,0.4,1.222,0.285,-0.615,0.706
587,0.6,-0.339,-0.375,-0.646,-0.193,-0.88,-0.308,0.0
588,0.0,1.43,0.875,-0.138,0.278,0.109,2.0,1.353
589,-0.6,-1.067,-1.125,-0.785,-0.858,-1.232,-0.077,-0.235
590,1.6,-0.145,0.75,0.862,0.866,1.592,1.41,0.941
591,-0.2,-0.121,0.375,1.631,0.112,0.779,-0.487,-0.294
592,0.0,0.364,0.5,0.077,0.255,0.23,0.077,0.882
593,-0.2,-0.848,-1.25,-0.523,-0.146,-0.419,2.128,-0.235
594,0.6,0.145,0.0,1.246,1.041,0.142,0.923,0.294
595,-0.6,1.721,0.625,-1.138,0.577,-0.034,0.795,-0.412
596,-0.6,-1.212,0.25,0.723,-0.835,1.427,-0.462,1.0
597,-0.4,-0.679,-2.0,-0.754,-1.074,-0.496,0.487,-0.471
598,-0.4,1.358,0.125,0.646,0.201,0.493,-0.718,0.529
599,-0.4,-0.194,-2.0,-0.831,-0.094,-1.012,0.103,-0.176
600,-0.4,-0.218,1.0,-0.754,-0.428,-0.573,0.077,-0.294
601,0.6,-0.509,-0.325,-0.6,-0.362,-0.946,-0.462,-0.059
602,-0.4,0.17,0.125,0.554,-0.059,-0.496,-0.692,0.059
603,0.8,0.8,0.375,0.015,-0.032,0.318,0.821,1.471
604,0.2,1.6,0.112,-0.277,0.481,-0.43,-0.41,0.412
605,-0.4,0.17,-0.75,0.246,0.261,0.384,0.359,-0.471
606,-0.4,1.552,0.375,1.015,1.691,0.845,2.128,-0.412
607,-0.4,-0.606,-0.625,-0.292,-0.909,-1.408,0.282,-0.235
608,-0.6,0.848,0.625,0.785,1.475,1.01,-0.256,-0.118
609,-0.4,-0.145,-0.625,-1.215,0.546,-0.913,-0.59,-0.353
610,0.0,-0.267,-1.125,-0.6,0.298,-0.155,-0.205,-0.294
611,0.0,1.382,-0.875,-0.523,0.67,0.065,0.564,0.412
612,0.8,1.236,1.0,1.015,1.98,0.647,1.077,0.647
613,0.6,-0.291,0.5,-0.062,0.09,0.021,1.308,-0.176
614,1.6,0.509,0.125,-0.215,0.154,0.416,0.487,1.235
615,0.0,-0.267,0.0,-0.569,-0.245,-0.715,-0.41,-0.118
616,0.6,0.0,1.5,-0.446,-0.358,-0.397,-0.538,0.059
617,-0.2,-1.188,-0.625,-1.215,-1.178,-1.342,-0.282,-0.353
618,1.2,-0.121,0.625,-0.369,-0.191,-0.452,2.128,1.235
619,-0.6,0.048,-0.4,-0.077,-0.358,0.01,-0.59,-0.294
620,-0.2,-0.121,0.875,1.015,0.319,0.669,-0.308,-0.059
621,-0.2,-0.606,0.25,-0.677,-0.775,-0.891,2.128,-0.059
622,0.6,1.6,1.375,0.292,1.078,0.933,2.128,0.941
623,-0.6,-0.558,-0.125,-0.138,-0.146,1.23,-0.051,-0.471
624,-0.2,-0.218,-0.5,0.708,-0.245,-0.166,-0.538,-0.471
625,0.2,-0.655,1.0,1.4,-0.775,0.592,-0.026,0.0
626,-0.6,0.194,-0.25,-0.292,0.055,-0.836,-0.41,-0.471
627,-0.6,0.364,0.375,-0.046,-0.015,0.01,0.051,-0.471
628,0.4,0.267,0.5,-0.062,0.03,0.252,-0.59,0.941
629,0.2,-0.558,-0.438,-0.523,-0.692,-0.836,-0.564,-0.471
630,0.8,-0.073,-0.5,-0.662,0.437,-0.54,0.923,0.294
631,-0.6,-0.364,0.375,0.862,-0.404,0.241,-0.333,-0.294
632,-0.2,-0.145,-0.75,-0.831,0.348,-0.671,-0.077,-0.353
633,-0.4,0.267,0.625,-0.908,0.556,-0.529,-0.641,-0.412
634,1.4,-0.606,-0.625,-0.923,-0.28,-0.704,-0.513,0.118
635,2.0,-0.315,0.0,-0.092,-0.108,-0.122,0.231,0.529
636,0.4,-0.315,0.125,-0.354,-0.34,-0.386,-0.564,1.118
637,-0.2,-0.558,0.25,-0.831,-0.651,-0.078,0.718,-0.353
638,0.8,-0.485,0.25,0.246,-0.393,0.944,1.282,0.176
639,-0.4,-0.412,0.125,-1.292,-0.858,-1.408,-0.564,-0.059
640,-0.6,-0.364,0.875,-0.908,-0.249,-0.331,0.846,-0.118
641,0.2,0.267,-0.125,-0.062,0.941,0.219,-0.179,-0.294
642,0.6,0.727,0.5,-0.446,0.123,-0.309,-0.487,1.235
643,0.2,-0.655,-0.6,-0.815,-0.917,-0.474,0.615,0.118
644,0.0,-0.339,0.0,0.092,0.236,-0.518,0.923,-0.118
645,-0.2,0.97,0.125,0.477,2.389,0.779,-0.615,0.059
646,-0.4,1.212,0.125,-0.908,0.154,-0.979,0.205,0.235
647,-0.6,1.503,-1.375,0.554,0.309,0.603,0.231,-0.412
648,1.6,0.461,0.75,0.477,0.009,-0.441,-0.282,0.765
649,-0.6,-0.242,-0.75,-0.292,-0.119,-0.649,-0.615,-0.353
650,-0.4,-0.63,-1.125,-0.292,-0.3,-0.781,-0.359,-0.353
651,-0.4,0.0,-0.75,-0.446,-0.238,0.164,0.256,-0.118
652,0.4,0.145,0.125,0.862,-0.538,0.197,-0.256,-0.059
653,-0.2,0.073,-1.125,-0.754,-0.117,-0.605,0.231,-0.118
654,-0.4,-0.267,-0.125,-0.062,0.061,0.208,-0.59,-0.412
655,-0.2,0.921,-1.25,-0.138,2.389,0.702,-0.333,-0.235
656,-0.2,-0.388,-0.875,0.477,-0.404,-1.155,-0.538,-0.412
657,-0.4,0.073,0.5,1.477,0.732,0.724,2.026,0.706
658,1.6,0.242,2.0,0.769,0.16,0.735,-0.462,1.294
659,0.0,-0.897,0.625,0.169,-0.61,0.208,2.128,-0.118
660,1.4,1.091,0.75,0.2,-0.115,-0.507,-0.487,1.471
661,-0.4,1.988,0.25,1.092,1.814,1.164,2.128,-0.412
662,1.0,1.212,2.0,1.323,1.052,0.581,-0.538,0.824
663,1.2,0.679,0.5,1.323,0.009,0.614,0.692,0.647
664,0.6,-0.048,-0.75,0.785,0.034,0.153,-0.333,0.647
665,-0.4,-0.121,0.5,1.246,0.03,0.274,-0.385,-0.294
666,0.2,0.679,0.625,-0.831,0.566,0.021,-0.333,2.412
667,1.4,-0.145,-0.125,-0.138,-0.123,-0.529,-0.59,0.647
668,0.6,-0.461,-0.875,0.323,0.628,0.186,0.154,0.824
669,1.2,0.897,0.375,0.092,-0.3,-0.155,-0.538,0.941
670,0.6,1.164,-0.25,-0.215,0.401,0.142,0.667,1.176
671,-0.4,-0.436,-0.875,-1.446,0.224,-0.759,0.462,-0.471
672,1.4,-1.188,2.0,-0.446,-0.827,0.351,-0.231,1.059
673,0.0,0.145,1.75,0.477,1.144,1.971,1.308,-0.412
674,1.0,-0.63,0.625,0.154,-0.474,0.362,0.564,2.294
675,0.6,1.891,-0.125,0.6,0.771,-0.155,-0.103,0.118
676,1.2,0.945,0.875,0.092,-0.313,-0.825,-0.359,1.412
677,-0.6,-0.582,-0.75,0.077,-0.152,0.329,-0.282,-0.235
678,0.0,0.097,-1.25,0.831,0.003,0.405,-0.615,-0.235
679,-0.2,-0.388,-0.875,-0.908,1.402,-0.891,0.615,-0.353
680,-0.2,-1.479,-1.0,-0.062,-0.868,-0.891,-0.103,-0.412
681,-0.6,1.091,0.25,0.554,1.009,1.9,-0.026,-0.176
682,-0.6,-0.533,-0.5,0.785,-0.249,1.351,0.0,-0.412
683,0.2,0.194,0.5,-0.046,0.222,-0.001,0.436,-0.118
684,0.4,0.461,0.625,0.431,0.863,0.512,0.692,2.353
685,-0.2,0.291,0.125,-0.215,0.783,0.098,0.564,-0.235
686,0.0,0.315,-0.5,-0.815,0.694,-1.012,-0.154,-0.412
687,-0.4,-0.242,-1.375,-0.754,-0.191,-0.441,-0.487,0.0
688,-0.4,0.558,0.125,-0.215,0.525,-0.902,1.179,-0.353
689,-0.4,0.655,0.625,1.323,0.525,1.515,-0.077,1.0
690,1.0,-0.242,0.5,-0.462,-0.447,-0.847,1.256,0.294
691,2.0,0.994,2.0,0.769,0.974,1.098,-0.282,0.882
692,-0.2,0.097,-0.125,0.246,-0.352,0.746,1.333,-0.353
693,0.8,0.291,-0.25,1.554,-0.042,0.68,0.179,0.824
694,-0.2,-0.655,-0.75,-0.923,-0.806,-0.968,-0.462,-0.235
695,0.8,0.606,1.125,-0.369,2.389,-0.21,-0.615,0.824
696,0.0,1.261,0.125,-0.754,-0.042,-0.265,-0.256,0.118
697,-0.6,-0.436,-0.95,-0.969,-0.527,-0.803,-0.308,-0.412
698,0.2,0.242,1.0,-1.369,0.267,0.241,0.59,-0.059
699,0.2,0.024,-0.125,0.138,-0.168,1.34,1.359,-0.176
700,-0.2,0.121,0.25,-0.138,0.732,0.395,0.282,-0.176
701,0.6,0.194,0.375,0.169,0.324,-0.518,0.487,1.176
702,-0.4,1.236,1.0,0.015,0.859,0.296,1.359,1.353
703,-0.2,0.291,0.325,1.031,0.125,0.68,-0.179,0.706
704,0.2,-0.17,0.25,-0.677,-0.3,-0.43,-0.641,-0.118
705,0.6,-0.897,0.5,0.554,-0.626,0.823,-0.487,-0.059
706,1.4,-0.048,0.175,0.123,0.203,0.426,-0.282,0.059
707,-0.2,0.242,-1.625,-0.6,2.125,0.23,-0.487,-0.412
708,1.2,1.139,0.375,-0.077,-0.166,0.054,-0.564,0.941
709,-0.2,-0.582,-0.5,0.246,0.319,0.625,0.769,-0.353
710,0.0,0.994,-0.5,-1.215,2.389,-0.122,-0.179,-0.294
711,0.4,0.218,0.375,-0.138,-1.105,-0.298,0.179,0.647
712,1.4,0.291,-0.625,0.554,1.339,0.977,0.179,0.529
713,-0.6,0.412,-0.875,-0.677,1.671,-0.649,-0.051,-0.471
714,0.0,-0.364,0.125,-0.4,-0.174,-0.309,-0.641,0.176
715,0.8,1.697,-1.375,0.323,2.389,0.175,1.179,0.294
716,0.0,1.358,0.375,0.785,0.577,0.164,1.538,0.118
717,1.4,-0.558,0.0,-0.831,-0.785,-1.012,0.59,1.588
718,-0.4,-0.218,-0.75,1.323,0.505,0.351,0.128,-0.294
719,0.4,-0.485,0.25,-0.138,-0.253,0.362,0.026,1.353
720,0.2,-0.824,0.875,-0.754,-0.744,-0.331,-0.128,0.294
721,-0.4,-0.073,-0.375,0.554,0.732,0.636,-0.205,-0.471
722,-0.4,0.776,-0.25,0.015,-0.022,-0.331,-0.051,0.765
723,0.4,0.0,0.875,0.092,-0.249,0.746,-0.308,0.765
724,-0.4,-0.145,1.375,-0.615,-0.179,0.054,-0.282,0.941
725,0.2,-0.121,0.375,0.862,0.23,0.779,-0.333,0.529
726,-0.4,-0.024,0.375,0.015,0.525,0.416,0.333,-0.235
727,-0.6,0.582,0.75,-0.215,1.228,0.01,0.154,-0.412
728,-0.2,1.406,1.0,-0.062,0.935,-1.034,-0.103,-0.412
729,-0.2,-0.606,-1.25,-0.4,-0.542,-0.243,-0.59,-0.412
730,0.0,0.315,0.375,-0.446,-0.517,-0.43,-0.128,0.294
731,1.0,0.073,0.875,-0.154,0.168,-0.43,-0.282,-0.412
732,-0.2,1.382,1.0,0.631,-0.094,1.34,0.718,-0.294
733,-0.2,-0.267,-1.0,-0.138,0.37,-0.364,0.154,-0.412
734,-0.2,-0.291,0.188,-0.677,-0.486,-0.99,0.487,1.412
735,0.2,-0.533,-0.75,0.246,0.036,0.34,-0.231,-0.059
736,-0.6,0.218,0.875,-0.138,-0.094,-0.54,0.385,-0.471
737,1.0,-1.261,0.0,-0.446,-0.866,-0.034,0.59,0.765
738,-0.2,-0.436,-0.75,-0.908,0.319,0.471,0.205,-0.471
739,-0.4,-0.364,0.125,0.323,0.428,0.79,-0.205,0.765
740,1.6,0.073,0.5,0.631,0.216,1.098,1.051,1.118
741,0.0,-0.364,-1.75,-0.677,-0.362,-0.166,0.077,-0.176
742,-0.4,-0.194,-0.875,-0.831,-0.135,-0.419,-0.385,-0.412
743,1.2,0.558,1.375,0.277,1.055,0.043,0.923,0.941
744,2.0,0.873,1.0,0.631,0.112,0.911,2.051,0.588
745,1.8,-0.412,0.75,0.323,-0.249,-0.254,0.308,1.0
746,-0.4,0.727,1.375,0.938,0.49,1.867,-0.026,-0.118
747,-0.4,-0.873,0.125,0.938,-0.744,1.537,1.872,0.176
748,0.0,1.697,-0.125,-0.523,0.732,0.449,0.103,0.412
749,0.6,1.091,-0.625,-0.6,0.624,-0.88,-0.487,1.235
750,0.2,0.461,-0.125,0.077,-0.168,-0.122,2.077,-0.412
751,-0.4,0.097,0.375,0.785,-0.569,0.735,-0.282,-0.059
752,0.0,-0.218,-0.625,-0.369,-0.119,-0.693,-0.385,-0.235
753,-0.6,1.552,1.0,1.169,2.389,1.208,-0.385,-0.176
754,1.0,0.897,0.375,0.246,0.195,0.01,0.179,0.941
755,-0.4,0.267,1.0,0.785,-0.197,0.46,1.769,0.471
756,0.8,0.485,1.125,0.938,-0.015,-0.034,0.051,0.588
757,-0.6,0.145,0.0,0.692,0.436,0.438,-0.282,1.353
758,-0.4,-0.267,0.25,0.538,0.309,0.57,-0.436,-0.176
759,0.6,1.77,1.25,-0.323,0.84,0.351,-0.231,2.176
760,-0.2,-0.703,-0.875,-0.215,-1.167,-0.43,1.026,-0.412
761,1.2,1.285,0.125,0.169,0.999,1.285,0.077,0.824
762,1.2,-0.679,-0.625,-0.785,-0.878,-1.078,-0.59,0.235
763,1.4,-0.388,0.25,1.477,0.525,0.065,-0.513,2.0
764,-0.2,0.121,-0.125,-0.138,0.785,0.493,-0.077,-0.118
765,0.4,0.097,0.0,-0.446,-0.176,-0.671,-0.333,0.059
766,-0.4,0.218,-0.75,-0.631,0.534,-0.243,-0.051,1.059
767,-0.4,-0.582,-0.125,0.169,-0.488,-0.21,-0.128,-0.353
