,Pregnancies,Glucose,BloodPressure,SkinThickness,Insulin,BMI,DiabetesPedigreeFunction,Age,Cluster
0,6,148.0,72.0,35.0,209.0,33.6,0.63,50,2
1,1,85.0,66.0,29.0,73.0,26.6,0.35,31,0
2,8,183.0,64.0,31.4,259.25,23.3,0.67,32,2
3,1,89.0,66.0,23.0,94.0,28.1,0.17,21,0
4,0,137.0,40.0,35.0,168.0,43.1,1.2,33,2
5,5,116.0,74.0,16.6,87.4,25.6,0.2,30,0
6,3,78.0,50.0,32.0,88.0,31.0,0.25,26,0
7,10,115.0,77.6,29.0,133.4,35.3,0.13,29,1
8,2,197.0,70.0,45.0,360.62,30.5,0.16,53,2
9,8,125.0,96.0,41.2,199.8,36.63,0.23,54,1
10,4,110.0,92.0,33.0,132.6,37.6,0.19,30,1
11,10,168.0,74.0,37.0,145.4,38.0,0.54,34,2
12,10,139.0,80.0,26.0,133.8,27.1,1.2,57,1
13,1,189.0,60.0,23.0,360.62,30.1,0.4,59,2
14,5,166.0,72.0,19.0,175.0,25.8,0.59,51,1
15,7,100.0,72.0,26.4,107.4,30.0,0.48,32,0
16,0,118.0,84.0,47.0,230.0,45.8,0.55,31,2
17,7,107.0,74.0,25.4,95.0,29.6,0.25,31,0
18,1,103.0,40.0,38.0,83.0,43.3,0.18,33,0
19,1,115.0,70.0,30.0,96.0,34.6,0.53,32,0
20,3,126.0,88.0,41.0,235.0,39.3,0.7,27,2
21,8,99.0,84.0,30.6,119.4,35.4,0.39,50,1
22,7,196.0,90.0,28.6,259.92,39.8,0.45,41,2
23,9,119.0,80.0,35.0,127.4,29.0,0.26,29,1
24,11,143.0,94.0,33.0,146.0,36.6,0.25,51,1
25,10,125.0,70.0,26.0,115.0,31.1,0.2,41,1
26,7,147.0,76.0,33.4,190.6,39.4,0.26,43,1
27,1,97.0,66.0,15.0,140.0,23.2,0.49,22,0
28,13,145.0,82.0,19.0,110.0,22.2,0.24,57,1
29,5,117.0,92.0,29.0,111.8,34.1,0.34,38,1
30,5,109.0,75.0,26.0,172.2,36.0,0.55,60,1
31,3,158.0,76.0,36.0,245.0,31.6,0.85,28,2
32,3,88.0,58.0,11.0,54.0,24.8,0.27,22,0
33,6,92.0,92.0,18.6,74.8,19.9,0.19,28,0
34,10,122.0,78.0,31.0,188.52,27.6,0.51,45,1
35,4,103.0,60.0,33.0,192.0,24.0,0.97,33,0
36,11,138.0,76.0,32.8,151.8,33.2,0.42,35,1
37,9,102.0,76.0,37.0,133.6,32.9,0.66,46,1
38,2,90.0,68.0,42.0,82.2,38.2,0.5,27,0
39,4,111.0,72.0,47.0,207.0,37.1,1.2,56,2
40,3,180.0,64.0,25.0,70.0,34.0,0.27,26,0
41,7,133.0,84.0,32.0,230.72,40.2,0.7,37,2
42,7,106.0,92.0,18.0,84.0,22.7,0.24,48,1
43,9,171.0,104.0,24.0,240.0,45.4,0.72,54,2
44,7,159.0,64.0,25.6,248.45,27.4,0.29,40,2
45,0,180.0,66.0,39.0,253.52,42.0,1.2,25,2
46,1,146.0,56.0,31.0,182.2,29.7,0.56,29,0
47,2,71.0,70.0,27.0,45.2,28.0,0.59,22,0
48,7,103.0,66.0,32.0,151.0,39.1,0.34,31,1
49,7,105.0,76.0,30.0,130.4,33.38,0.3,24,0
50,1,103.0,80.0,11.0,82.0,19.4,0.49,22,0
51,1,101.0,50.0,15.0,36.0,24.2,0.53,26,0
52,5,88.0,66.0,21.0,23.0,24.4,0.34,30,0
53,8,176.0,90.0,34.0,300.0,33.7,0.47,58,2
54,7,150.0,66.0,42.0,342.0,34.7,0.72,42,2
55,1,73.0,50.0,10.0,67.4,23.0,0.25,21,0
56,7,187.0,68.0,39.0,304.0,37.7,0.25,41,2
57,0,100.0,88.0,57.0,110.0,46.8,0.96,31,2
58,0,146.0,82.0,40.8,225.8,40.5,1.2,44,2
59,0,105.0,64.0,41.0,142.0,41.5,0.17,22,0
60,2,84.0,76.0,29.2,77.0,34.76,0.3,21,0
61,8,133.0,72.0,28.6,160.2,32.9,0.27,39,1
62,5,44.0,62.0,28.8,45.0,25.0,0.59,36,0
63,2,141.0,58.0,34.0,128.0,25.4,0.7,24,0
64,7,114.0,66.0,29.0,117.4,32.8,0.26,42,1
65,5,99.0,74.0,27.0,75.8,29.0,0.2,32,0
66,0,109.0,88.0,30.0,142.0,32.5,0.86,38,1
67,2,109.0,92.0,38.6,133.0,42.7,0.84,54,1
68,1,95.0,66.0,13.0,38.0,19.6,0.33,25,0
69,4,146.0,85.0,27.0,100.0,28.9,0.19,27,1
70,2,100.0,66.0,20.0,90.0,32.9,0.87,28,0
71,5,139.0,64.0,35.0,140.0,28.6,0.41,26,0
72,13,126.0,90.0,39.4,168.6,43.4,0.58,42,1
73,4,129.0,86.0,20.0,270.0,35.1,0.23,23,2
74,1,79.0,75.0,30.0,64.8,32.0,0.4,22,0
75,1,95.4,48.0,20.0,165.12,24.7,0.14,22,0
76,7,62.0,78.0,31.6,45.0,32.6,0.39,41,1
77,5,95.0,72.0,33.0,119.4,37.7,0.37,27,0
78,0,131.0,70.4,36.0,226.32,43.2,0.27,26,2
79,2,112.0,66.0,22.0,100.8,25.0,0.31,24,0
80,3,113.0,44.0,13.0,112.2,22.4,0.14,22,0
81,2,74.0,64.4,22.0,41.6,30.18,0.1,22,0
82,7,83.0,78.0,26.0,71.0,29.3,0.77,36,1
83,0,101.0,65.0,28.0,141.2,24.6,0.24,22,0
84,5,137.0,104.0,39.6,160.2,48.8,0.23,37,2
85,2,110.0,74.0,29.0,125.0,32.4,0.7,27,0
86,13,106.0,72.0,54.0,131.8,36.6,0.18,45,1
87,2,100.0,68.0,25.0,71.0,38.5,0.32,26,0
88,15,136.0,70.0,32.0,110.0,37.1,0.15,43,1
89,1,107.0,68.0,19.0,90.2,26.5,0.16,24,0
90,1,80.0,55.0,16.6,69.8,19.1,0.26,21,0
91,4,123.0,80.0,15.0,176.0,32.0,0.44,34,1
92,7,81.0,78.0,40.0,48.0,46.7,0.26,42,1
93,4,134.0,72.0,21.2,94.2,23.8,0.28,60,1
94,2,142.0,82.0,18.0,64.0,24.7,0.76,21,0
95,6,144.0,72.0,27.0,228.0,33.9,0.26,40,2
96,2,92.0,62.0,28.0,85.6,31.6,0.13,24,0
97,1,71.0,48.0,18.0,76.0,20.4,0.32,22,0
98,6,93.0,50.0,30.0,64.0,28.7,0.36,23,0
99,1,122.0,90.0,51.0,220.0,49.7,0.32,31,2
100,1,163.0,72.0,34.6,215.12,39.0,1.2,33,2
101,1,151.0,60.0,28.2,245.92,26.1,0.18,22,0
102,0,125.0,96.0,25.0,143.0,22.5,0.26,21,0
103,1,81.0,72.0,18.0,40.0,26.6,0.28,24,0
104,2,85.0,65.0,33.2,77.8,39.6,0.93,27,0
105,1,126.0,56.0,29.0,152.0,28.7,0.8,21,0
106,1,96.0,104.0,25.0,88.8,22.4,0.21,27,0
107,4,144.0,58.0,28.0,140.0,29.5,0.29,37,0
108,3,83.0,58.0,31.0,18.0,34.3,0.34,25,0
109,0,95.0,85.0,25.0,36.0,37.4,0.25,24,0
110,3,171.0,72.0,33.0,135.0,33.3,0.2,24,2
111,8,155.0,62.0,26.0,360.62,34.0,0.54,46,2
112,1,89.0,76.0,34.0,37.0,31.2,0.19,23,0
113,4,76.0,62.0,29.6,48.0,34.0,0.39,25,0
114,7,160.0,54.0,32.0,175.0,30.5,0.59,39,2
115,4,146.0,92.0,31.8,220.32,31.2,0.54,61,1
116,5,124.0,74.0,37.8,192.32,34.0,0.22,38,1
117,5,78.0,48.0,23.4,74.2,33.7,0.65,25,0
118,4,97.0,60.0,23.0,74.0,28.2,0.44,22,0
119,4,99.0,76.0,15.0,51.0,23.2,0.22,21,0
120,0,162.0,76.0,56.0,100.0,50.25,0.76,25,2
121,6,111.0,64.0,39.0,126.4,34.2,0.26,24,0
122,2,107.0,74.0,30.0,100.0,33.6,0.4,23,0
123,5,132.0,80.0,27.8,94.8,26.8,0.19,69,1
124,0,113.0,76.0,30.0,142.6,33.3,0.28,23,0
125,1,88.0,40.0,42.0,99.0,50.25,0.5,26,0
126,3,120.0,70.0,30.0,135.0,42.9,0.45,30,2
127,1,118.0,58.0,36.0,94.0,33.3,0.26,23,0
128,1,117.0,88.0,24.0,145.0,34.5,0.4,40,1
129,0,105.0,84.0,23.2,112.6,27.9,0.74,62,1
130,4,173.0,70.0,14.0,168.0,29.7,0.36,33,0
131,9,122.0,56.0,29.8,130.0,33.3,1.11,33,1
132,3,170.0,64.0,37.0,225.0,34.5,0.36,30,2
133,8,84.0,74.0,31.0,83.2,38.3,0.46,39,1
134,2,96.0,68.0,13.0,49.0,21.1,0.65,26,0
135,2,125.0,60.0,20.0,140.0,33.8,0.09,31,0
136,0,100.0,70.0,26.0,50.0,30.8,0.6,21,0
137,0,93.0,60.0,25.0,92.0,28.7,0.53,22,0
138,0,129.0,80.0,25.8,125.8,31.2,0.7,29,0
139,5,105.0,72.0,29.0,325.0,36.9,0.16,28,2
140,3,128.0,78.0,28.4,83.8,21.1,0.27,55,1
141,5,106.0,82.0,30.0,172.8,39.5,0.29,38,1
142,2,108.0,52.0,26.0,63.0,32.5,0.32,22,0
143,10,108.0,66.0,38.0,102.2,32.4,0.27,42,1
144,4,154.0,62.0,31.0,284.0,32.8,0.24,23,2
145,0,102.0,75.0,23.0,98.8,32.36,0.57,21,0
146,9,57.0,80.0,37.0,45.0,32.8,0.1,41,1
147,2,106.0,64.0,35.0,119.0,30.5,1.2,34,0
148,5,147.0,78.0,28.2,182.8,33.7,0.22,65,1
149,2,90.0,70.0,17.0,52.0,27.3,0.08,22,0
150,1,136.0,74.0,50.0,204.0,37.4,0.4,24,2
151,4,114.0,65.0,18.4,138.4,21.9,0.43,37,0
152,9,156.0,86.0,28.0,155.0,34.3,1.19,42,1
153,1,153.0,82.0,42.0,360.62,40.6,0.69,23,2
154,8,188.0,78.0,39.4,230.32,47.9,0.14,43,2
155,7,152.0,88.0,44.0,218.52,50.0,0.34,36,2
156,2,99.0,52.0,15.0,94.0,24.6,0.64,21,0
157,1,109.0,56.0,21.0,135.0,25.2,0.83,23,0
158,2,88.0,74.0,19.0,53.0,29.0,0.23,22,0
159,17,163.0,72.0,41.0,114.0,40.9,0.82,47,1
160,4,151.0,90.0,38.0,162.0,29.7,0.29,36,1
161,7,102.0,74.0,40.0,105.0,37.2,0.2,45,1
162,0,114.0,80.0,34.0,285.0,44.2,0.17,27,2
163,2,100.0,64.0,23.0,85.6,29.7,0.37,21,0
164,0,131.0,88.0,23.2,181.0,31.6,0.74,32,2
165,6,104.0,74.0,18.0,156.0,29.9,0.72,41,1
166,3,148.0,66.0,25.0,230.72,32.5,0.26,22,2
167,4,120.0,68.0,28.8,139.2,29.6,0.71,34,0
168,4,110.0,66.0,35.0,115.2,31.9,0.47,29,0
169,3,111.0,90.0,12.0,78.0,28.4,0.5,29,0
170,6,102.0,82.0,32.6,134.2,30.8,0.18,36,1
171,6,134.0,70.0,23.0,130.0,35.4,0.54,29,0
172,2,87.0,66.8,23.0,55.8,28.9,0.77,25,0
173,1,79.0,60.0,42.0,48.0,43.5,0.68,23,0
174,2,75.0,64.0,24.0,55.0,29.7,0.37,33,0
175,8,179.0,72.0,42.0,130.0,32.7,0.72,36,2
176,6,85.0,78.0,27.8,53.8,31.2,0.38,42,1
177,0,129.0,104.0,46.0,130.0,50.25,0.32,26,2
178,5,143.0,78.0,37.4,227.8,45.0,0.19,47,2
179,5,130.0,82.0,31.2,178.8,39.1,0.96,37,2
180,6,87.0,80.0,22.6,47.8,23.2,0.08,32,0
181,0,119.0,64.0,18.0,92.0,34.9,0.72,23,0
182,1,107.8,74.0,20.0,23.0,27.7,0.3,21,0
183,5,73.0,60.0,19.4,41.4,26.8,0.27,27,0
184,4,141.0,74.0,26.4,151.8,27.6,0.24,40,1
185,7,194.0,68.0,28.0,265.6,35.9,0.74,41,2
186,8,181.0,68.0,36.0,360.62,30.1,0.62,60,2
187,1,128.0,98.0,41.0,58.0,32.0,1.2,33,1
188,8,109.0,76.0,39.0,114.0,27.9,0.64,31,1
189,5,139.0,80.0,35.0,160.0,31.6,0.36,25,2
190,3,111.0,62.0,18.6,149.2,22.6,0.14,21,0
191,9,123.0,70.0,44.0,94.0,33.1,0.37,40,1
192,7,159.0,66.0,23.8,257.25,30.4,0.38,36,2
193,11,135.0,82.0,37.2,207.72,50.25,0.58,40,2
194,8,85.0,55.0,20.0,71.2,24.4,0.14,42,0
195,5,158.0,84.0,41.0,210.0,39.4,0.4,29,2
196,1,105.0,58.0,25.2,164.4,24.3,0.19,21,0
197,3,107.0,62.0,13.0,48.0,22.9,0.68,23,0
198,4,109.0,64.0,44.0,99.0,34.8,0.9,26,0
199,4,148.0,60.0,27.0,318.0,30.9,0.15,29,2
200,0,113.0,80.0,16.0,80.2,31.0,0.87,21,0
201,1,138.0,82.0,34.4,242.72,40.1,0.24,28,2
202,0,108.0,68.0,20.0,97.8,27.3,0.79,32,0
203,2,99.0,70.0,16.0,44.0,20.4,0.24,27,0
204,6,103.0,72.0,32.0,190.0,37.7,0.32,55,1
205,5,111.0,72.0,28.0,96.4,23.9,0.41,27,0
206,8,196.0,76.0,29.0,280.0,37.5,0.6,57,2
207,5,162.0,104.0,37.4,258.52,37.7,0.15,52,2
208,1,96.0,64.0,27.0,87.0,33.2,0.29,21,0
209,7,184.0,84.0,33.0,209.6,35.5,0.36,41,2
210,2,81.0,60.0,22.0,62.6,27.7,0.29,25,0
211,0,147.0,85.0,54.0,246.52,42.8,0.38,24,2
212,7,179.0,95.0,31.0,226.32,34.2,0.16,60,1
213,0,140.0,65.0,26.0,130.0,42.6,0.43,24,0
214,9,112.0,82.0,32.0,175.0,34.2,0.26,36,1
215,12,151.0,70.0,40.0,271.0,41.8,0.74,38,2
216,5,109.0,62.0,41.0,129.0,35.8,0.51,25,0
217,6,125.0,68.0,30.0,120.0,30.0,0.46,32,0
218,5,85.0,74.0,22.0,54.4,29.0,1.2,32,0
219,5,112.0,66.0,35.4,132.4,37.8,0.26,41,1
220,0,177.0,60.0,29.0,360.62,34.6,1.07,21,2
221,2,158.0,90.0,32.8,164.32,31.6,0.8,66,1
222,7,119.0,66.8,21.4,99.6,25.2,0.21,37,0
223,7,142.0,60.0,33.0,190.0,28.8,0.69,61,1
224,1,100.0,66.0,15.0,56.0,23.6,0.67,26,0
225,1,87.0,78.0,27.0,32.0,34.6,0.1,22,0
226,0,101.0,76.0,35.2,154.8,35.7,0.2,26,0
227,3,162.0,52.0,38.0,232.92,37.2,0.65,24,2
228,4,197.0,70.0,39.0,360.62,36.7,1.2,31,2
229,0,117.0,80.0,31.0,53.0,45.2,0.09,24,0
230,4,142.0,86.0,41.2,236.4,44.0,0.64,22,2
231,6,134.0,80.0,37.0,360.62,46.2,0.24,46,2
232,1,79.0,80.0,25.0,37.0,25.4,0.58,22,0
233,4,122.0,68.0,32.4,196.12,35.0,0.39,29,2
234,3,74.0,68.0,28.0,45.0,29.7,0.29,23,0
235,4,171.0,72.0,39.2,225.92,43.6,0.48,26,2
236,7,181.0,84.0,21.0,192.0,35.9,0.59,51,1
237,0,179.0,90.0,27.0,171.6,44.1,0.69,23,2
238,9,164.0,84.0,21.0,124.4,30.8,0.83,32,1
239,0,104.0,76.0,14.4,57.4,18.4,0.58,27,0
240,1,91.0,64.0,24.0,66.4,29.2,0.19,21,0
241,4,91.0,70.0,32.0,88.0,33.1,0.45,22,0
242,3,139.0,54.0,27.0,166.4,25.6,0.4,22,0
243,6,119.0,50.0,22.0,176.0,27.1,1.2,33,0
244,2,146.0,76.0,35.0,194.0,38.2,0.33,29,2
245,9,184.0,85.0,15.0,129.2,30.0,1.2,49,1
246,10,122.0,68.0,32.6,139.8,31.2,0.26,41,1
247,0,165.0,90.0,33.0,360.62,50.25,0.43,23,2
248,9,124.0,70.0,33.0,360.62,35.4,0.28,34,2
249,1,111.0,86.0,19.0,99.8,30.1,0.14,23,0
250,9,106.0,52.0,26.4,119.2,31.2,0.38,42,1
251,2,129.0,84.0,25.4,123.8,28.0,0.28,27,0
252,2,90.0,80.0,14.0,55.0,24.4,0.25,24,0
253,0,86.0,68.0,32.0,109.4,35.8,0.24,25,0
254,12,92.0,62.0,7.0,258.0,27.6,0.93,44,1
255,1,113.0,64.0,35.0,155.2,33.6,0.54,21,0
256,3,111.0,56.0,39.0,107.8,30.1,0.56,30,0
257,2,114.0,68.0,22.0,87.6,28.7,0.09,25,0
258,1,193.0,50.0,16.0,360.62,25.9,0.66,24,2
259,11,155.0,76.0,28.0,150.0,33.3,1.2,51,1
260,3,191.0,68.0,15.0,130.0,30.9,0.3,34,0
261,3,141.0,73.2,26.4,220.72,30.0,0.76,27,2
262,4,95.0,70.0,32.0,87.8,32.1,0.61,24,0
263,3,142.0,80.0,15.0,108.6,32.4,0.2,63,1
264,4,123.0,62.0,26.4,131.8,32.0,0.23,35,0
265,5,96.0,74.0,18.0,67.0,33.6,1.0,43,1
266,0,138.0,72.6,35.2,142.6,36.3,0.93,25,2
267,2,128.0,64.0,42.0,211.92,40.0,1.1,24,2
268,0,102.0,52.0,17.2,129.2,25.1,0.08,21,0
269,2,146.0,73.0,29.4,157.6,27.5,0.24,28,0
270,10,101.0,86.0,37.0,135.2,45.6,1.14,38,1
271,2,108.0,62.0,32.0,56.0,25.2,0.13,21,0
272,3,122.0,78.0,28.2,125.32,23.0,0.25,40,1
273,1,71.0,78.0,50.0,45.0,33.2,0.42,21,0
274,13,106.0,70.0,37.8,137.0,34.2,0.25,52,1
275,2,100.0,70.0,52.0,57.0,40.5,0.68,25,0
276,7,106.0,60.0,24.0,138.0,26.5,0.3,29,0
277,0,104.0,64.0,23.0,116.0,27.8,0.45,23,0
278,5,114.0,74.0,18.4,85.0,24.9,0.74,57,1
279,2,108.0,62.0,10.0,278.0,25.3,0.88,22,0
280,0,146.0,70.0,32.6,265.6,37.9,0.33,28,2
281,10,129.0,76.0,28.0,122.0,35.9,0.28,39,1
282,7,133.0,88.0,15.0,155.0,32.4,0.26,37,1
283,7,161.0,86.0,32.4,164.32,30.4,0.16,47,1
284,2,108.0,80.0,25.4,116.8,27.0,0.26,52,1
285,7,136.0,74.0,26.0,135.0,26.0,0.65,51,1
286,5,155.0,84.0,44.0,360.62,38.7,0.62,34,2
287,1,119.0,86.0,39.0,220.0,45.6,0.81,29,2
288,4,96.0,56.0,17.0,49.0,20.8,0.34,26,0
289,5,108.0,72.0,43.0,75.0,36.1,0.26,33,1
290,0,78.0,88.0,29.0,40.0,36.9,0.43,21,0
291,0,107.0,62.0,30.0,74.0,36.6,0.76,25,0
292,2,128.0,78.0,37.0,182.0,43.3,1.2,31,2
293,1,128.0,48.0,45.0,194.0,40.5,0.61,24,2
294,0,161.0,50.0,26.8,308.18,21.9,0.25,65,2
295,6,151.0,62.0,31.0,120.0,35.5,0.69,28,2
296,2,146.0,70.0,38.0,360.0,28.0,0.34,29,2
297,0,126.0,84.0,29.0,215.0,30.7,0.52,24,2
298,14,100.0,78.0,25.0,184.0,36.6,0.41,46,1
299,8,112.0,72.0,19.8,87.8,23.6,0.84,58,1
300,0,167.0,75.2,30.4,138.0,32.3,0.84,30,2
301,2,144.0,58.0,33.0,135.0,31.6,0.42,25,0
302,5,77.0,82.0,41.0,42.0,35.8,0.16,35,1
303,5,115.0,98.0,40.4,216.0,50.25,0.21,28,2
304,3,150.0,76.0,19.8,91.6,21.0,0.21,37,0
305,2,120.0,76.0,37.0,105.0,39.7,0.22,29,0
306,10,161.0,68.0,23.0,132.0,25.5,0.33,47,1
307,0,137.0,68.0,14.0,148.0,24.8,0.14,21,0
308,0,128.0,68.0,19.0,180.0,30.5,1.2,25,0
309,2,124.0,68.0,28.0,205.0,32.9,0.88,30,2
310,6,80.0,66.0,30.0,65.4,26.2,0.31,41,0
311,0,106.0,70.0,37.0,148.0,39.4,0.6,22,0
312,2,155.0,74.0,17.0,96.0,26.6,0.43,27,0
313,3,113.0,50.0,10.0,85.0,29.5,0.63,25,0
314,7,109.0,80.0,31.0,151.2,35.9,1.13,43,1
315,2,112.0,68.0,22.0,94.0,34.1,0.32,26,0
316,3,99.0,80.0,11.0,64.0,19.3,0.28,30,0
317,3,182.0,74.0,34.4,198.12,30.5,0.34,29,2
318,3,115.0,66.0,39.0,140.0,38.1,0.15,28,0
319,6,194.0,78.0,25.4,168.72,23.5,0.13,59,1
320,4,129.0,60.0,12.0,231.0,27.5,0.53,31,0
321,3,112.0,74.0,30.0,115.8,31.6,0.2,25,0
322,0,124.0,70.0,20.0,109.4,27.4,0.25,36,0
323,13,152.0,90.0,33.0,29.0,26.8,0.73,43,1
324,2,112.0,75.0,32.0,135.4,35.7,0.15,21,0
325,1,157.0,72.0,21.0,168.0,25.6,0.12,24,0
326,1,122.0,64.0,32.0,156.0,35.1,0.69,30,0
327,10,179.0,70.0,35.8,181.72,35.1,0.2,37,2
328,2,102.0,86.0,36.0,120.0,45.5,0.13,23,2
329,6,105.0,70.0,32.0,68.0,30.8,0.12,37,1
330,8,118.0,72.0,19.0,81.2,23.1,1.2,46,1
331,2,87.0,58.0,16.0,52.0,32.7,0.17,25,0
332,1,180.0,80.4,36.8,204.52,43.3,0.28,41,2
333,12,106.0,80.0,23.4,82.2,23.6,0.14,44,1
334,1,95.0,60.0,18.0,58.0,23.9,0.26,22,0
335,0,165.0,76.0,43.0,255.0,47.9,0.26,26,2
336,0,117.0,73.6,26.6,110.8,33.8,0.93,44,0
337,5,115.0,76.0,24.8,99.2,31.2,0.34,44,1
338,9,152.0,78.0,34.0,171.0,34.2,0.89,33,2
339,7,178.0,84.0,35.6,313.38,39.9,0.33,41,2
340,1,130.0,70.0,13.0,105.0,25.9,0.47,22,0
341,1,95.0,74.0,21.0,73.0,25.9,0.67,36,0
342,1,102.4,68.0,35.0,199.25,32.0,0.39,22,0
343,5,122.0,86.0,27.4,171.6,34.7,0.29,33,1
344,8,95.0,72.0,29.6,95.8,36.8,0.48,57,1
345,8,126.0,88.0,36.0,108.0,38.5,0.35,49,1
346,1,139.0,46.0,19.0,83.0,28.7,0.65,22,0
347,3,116.0,76.8,17.4,92.4,23.5,0.19,23,0
348,3,99.0,62.0,19.0,74.0,21.8,0.28,26,0
349,5,102.4,80.0,32.0,152.8,41.0,0.35,37,1
350,4,92.0,80.0,34.6,104.8,42.2,0.24,29,1
351,4,137.0,84.0,32.8,172.6,31.2,0.25,30,1
352,3,61.0,82.0,28.0,48.8,34.4,0.24,46,1
353,1,90.0,62.0,12.0,43.0,27.2,0.58,24,0
354,3,90.0,78.0,35.8,78.8,42.7,0.56,21,0
355,9,165.0,88.0,32.6,211.92,30.4,0.3,49,1
356,1,125.0,50.0,40.0,167.0,33.3,0.96,28,2
357,13,129.0,85.2,30.0,192.12,39.9,0.57,44,1
358,12,88.0,74.0,40.0,54.0,35.3,0.38,48,1
359,1,196.0,76.0,36.0,249.0,36.5,0.88,29,2
360,5,189.0,64.0,33.0,325.0,31.2,0.58,29,2
361,5,158.0,70.0,24.6,110.8,29.8,0.21,63,1
362,5,103.0,104.0,37.0,102.2,39.2,0.3,65,1
363,4,146.0,78.0,34.8,196.0,38.5,0.52,67,1
364,4,147.0,74.0,25.0,293.0,34.9,0.38,30,2
365,5,99.0,54.0,28.0,83.0,34.0,0.5,30,0
366,6,124.0,72.0,25.4,109.4,27.6,0.37,29,0
367,0,101.0,64.0,17.0,79.2,21.0,0.25,21,0
368,3,81.0,86.0,16.0,66.0,27.5,0.31,22,0
369,1,133.0,102.0,28.0,140.0,32.8,0.23,45,1
370,3,173.0,82.0,48.0,360.62,38.4,1.2,25,2
371,0,118.0,64.0,23.0,89.0,26.9,1.2,21,0
372,0,84.0,64.0,22.0,66.0,35.8,0.55,21,0
373,2,105.0,58.0,40.0,94.0,34.9,0.22,25,0
374,2,122.0,52.0,43.0,158.0,36.2,0.82,28,2
375,12,140.0,82.0,43.0,325.0,39.2,0.53,58,2
376,0,98.0,82.0,15.0,84.0,25.2,0.3,22,0
377,1,87.0,60.0,37.0,75.0,37.2,0.51,22,0
378,4,156.0,75.0,40.0,213.12,48.3,0.24,32,2
379,0,93.0,100.0,39.0,72.0,43.4,1.02,35,1
380,1,107.0,72.0,30.0,82.0,30.8,0.82,24,0
381,0,105.0,68.0,22.0,74.4,20.0,0.24,22,0
382,1,109.0,60.0,8.0,182.0,25.4,0.95,21,0
383,1,90.0,62.0,18.0,59.0,25.1,1.2,25,0
384,1,125.0,70.0,24.0,110.0,24.3,0.22,25,0
385,1,119.0,54.0,13.0,50.0,22.3,0.2,24,0
386,5,116.0,74.0,29.0,155.4,32.3,0.66,35,1
387,8,105.0,100.0,36.0,152.4,43.3,0.24,45,1
388,5,144.0,82.0,26.0,285.0,32.0,0.45,58,1
389,3,100.0,68.0,23.0,81.0,31.6,0.95,28,0
390,1,100.0,66.0,29.0,196.0,32.0,0.44,42,0
391,5,166.0,76.0,41.4,218.92,45.7,0.34,27,2
392,1,131.0,64.0,14.0,360.62,23.7,0.39,21,2
393,4,116.0,72.0,12.0,87.0,22.1,0.46,37,0
394,4,158.0,78.0,32.0,171.8,32.9,0.8,31,2
395,2,127.0,58.0,24.0,275.0,27.7,1.2,25,2
396,3,96.0,56.0,34.0,115.0,24.7,0.94,39,0
397,0,131.0,66.0,40.0,149.2,34.3,0.2,22,0
398,3,82.0,70.0,22.2,51.4,21.1,0.39,25,0
399,3,193.0,70.0,31.0,297.73,34.9,0.24,25,2
400,4,95.0,64.0,29.4,117.6,32.0,0.16,31,0
401,6,137.0,61.0,24.0,225.92,24.2,0.15,55,1
402,5,136.0,84.0,41.0,88.0,35.0,0.29,35,1
403,9,72.0,78.0,25.0,49.2,31.6,0.28,38,1
404,5,168.0,64.0,29.2,172.0,32.9,0.14,41,2
405,2,123.0,48.0,32.0,165.0,42.1,0.52,26,0
406,4,115.0,72.0,22.8,92.6,28.9,0.38,46,1
407,0,101.0,62.0,26.4,135.4,21.9,0.34,25,0
408,8,197.0,74.0,34.0,181.52,25.9,1.19,39,2
409,1,172.0,68.0,49.0,360.62,42.4,0.7,28,2
410,6,102.0,90.0,39.0,133.2,35.7,0.67,28,1
411,1,112.0,72.0,30.0,176.0,34.4,0.53,25,0
412,1,143.0,84.0,23.0,310.0,42.4,1.08,22,2
413,1,143.0,74.0,22.0,61.0,26.2,0.26,21,0
414,0,138.0,60.0,35.0,167.0,34.6,0.53,21,0
415,3,173.0,84.0,33.0,360.62,35.7,0.26,22,2
416,1,97.0,68.0,21.0,68.6,27.2,1.1,22,0
417,4,144.0,82.0,32.0,195.0,38.5,0.55,37,2
418,1,83.0,68.0,20.2,51.6,18.2,0.62,27,0
419,3,129.0,64.0,29.0,115.0,26.4,0.22,28,0
420,1,119.0,88.0,41.0,170.0,45.3,0.51,26,2
421,2,94.0,68.0,18.0,76.0,26.0,0.56,21,0
422,0,102.0,64.0,46.0,78.0,40.6,0.5,21,0
423,2,115.0,64.0,22.0,100.2,30.8,0.42,21,0
424,8,151.0,78.0,32.0,210.0,42.9,0.52,36,2
425,4,184.0,78.0,39.0,277.0,37.0,0.26,31,2
426,0,94.0,67.4,24.2,71.8,32.32,0.26,25,0
427,1,181.0,64.0,30.0,180.0,34.1,0.33,38,2
428,0,135.0,94.0,46.0,145.0,40.6,0.28,26,2
429,1,95.0,82.0,25.0,180.0,35.0,0.23,43,1
430,2,99.0,67.2,20.0,63.0,22.2,0.11,23,0
431,3,89.0,74.0,16.0,85.0,30.4,0.55,38,0
432,1,80.0,74.0,11.0,60.0,30.0,0.53,22,0
433,2,139.0,75.0,25.4,91.8,25.6,0.17,29,0
434,1,90.0,68.0,8.0,105.6,24.5,1.14,36,0
435,0,141.0,75.4,32.4,258.73,42.4,0.2,29,2
436,12,140.0,85.0,33.0,177.8,37.4,0.24,41,1
437,5,147.0,75.0,28.0,193.0,29.9,0.43,28,2
438,1,97.0,70.0,15.0,63.4,18.2,0.15,21,0
439,6,107.0,88.0,32.0,141.8,36.8,0.73,31,1
440,0,189.0,104.0,25.0,209.4,34.3,0.44,41,2
441,2,83.0,66.0,23.0,50.0,32.2,0.5,22,0
442,4,117.0,64.0,27.0,120.0,33.2,0.23,24,0
443,8,108.0,70.0,29.0,102.0,30.5,0.96,33,1
444,4,117.0,62.0,12.0,168.0,29.7,0.38,30,0
445,0,180.0,78.0,57.0,14.0,50.25,1.2,25,2
446,1,100.0,72.0,12.0,70.0,25.3,0.66,28,0
447,0,95.0,80.0,45.0,92.0,36.5,0.33,26,0
448,0,104.0,64.0,37.0,64.0,33.6,0.51,22,0
449,0,120.0,74.0,18.0,63.0,30.5,0.28,26,0
450,1,82.0,64.0,13.0,95.0,21.2,0.42,23,0
451,2,134.0,70.0,27.8,94.2,28.9,0.54,23,0
452,0,91.0,68.0,32.0,210.0,39.9,0.38,25,0
453,2,119.0,66.8,17.8,77.4,19.6,0.83,72,1
454,2,100.0,54.0,28.0,105.0,37.8,0.5,24,0
455,14,175.0,62.0,30.0,205.92,33.6,0.21,38,1
456,1,135.0,54.0,21.8,219.0,26.7,0.69,62,1
457,5,86.0,68.0,28.0,71.0,30.2,0.36,24,0
458,10,148.0,84.0,48.0,237.0,37.6,1.0,51,2
459,9,134.0,74.0,33.0,60.0,25.9,0.46,81,1
460,9,120.0,72.0,22.0,56.0,20.8,0.73,48,1
461,1,71.0,62.0,24.8,55.2,21.8,0.42,26,0
462,8,74.0,70.0,40.0,49.0,35.3,0.7,39,1
463,5,88.0,78.0,30.0,60.8,27.6,0.26,37,0
464,10,115.0,98.0,17.4,94.4,24.0,1.02,34,1
465,0,124.0,56.0,13.0,105.0,21.8,0.45,21,0
466,0,74.0,52.0,10.0,36.0,27.8,0.27,22,0
467,0,97.0,64.0,36.0,100.0,36.8,0.6,25,0
468,8,120.0,73.6,25.8,93.8,30.0,0.18,38,1
469,6,154.0,78.0,41.0,140.0,46.1,0.57,27,2
470,1,144.0,82.0,40.0,220.2,41.3,0.61,28,2
471,0,137.0,70.0,38.0,184.0,33.2,0.17,22,2
472,0,119.0,66.0,27.0,120.8,38.8,0.26,22,0
473,7,136.0,90.0,29.2,212.72,29.9,0.21,50,1
474,4,114.0,64.0,22.0,124.6,28.9,0.13,24,0
475,0,137.0,84.0,27.0,241.12,27.3,0.23,59,1
476,2,105.0,80.0,45.0,191.0,33.7,0.71,29,2
477,7,114.0,76.0,17.0,110.0,23.8,0.47,31,0
478,8,126.0,74.0,38.0,75.0,25.9,0.16,39,1
479,4,132.0,86.0,31.0,129.4,28.0,0.42,63,1
480,3,158.0,70.0,30.0,328.0,35.5,0.34,35,2
481,0,123.0,88.0,37.0,158.6,35.2,0.2,29,2
482,4,85.0,58.0,22.0,49.0,27.8,0.31,28,0
483,0,84.0,82.0,31.0,125.0,38.2,0.23,23,0
484,0,145.0,83.0,39.0,204.8,44.2,0.63,31,2
485,0,135.0,68.0,42.0,250.0,42.3,0.36,24,2
486,1,139.0,62.0,41.0,360.62,40.7,0.54,21,2
487,0,173.0,78.0,32.0,265.0,46.5,1.16,58,2
488,4,99.0,72.0,17.0,52.2,25.6,0.29,28,0
489,8,194.0,80.0,29.6,192.52,26.1,0.55,67,1
490,2,83.0,65.0,28.0,66.0,36.8,0.63,24,0
491,2,89.0,90.0,30.0,87.4,33.5,0.29,42,1
492,4,99.0,68.0,38.0,91.2,32.8,0.14,33,0
493,4,125.0,70.0,18.0,122.0,28.9,1.14,45,1
494,3,80.0,64.6,27.6,47.4,27.5,0.17,22,0
495,6,166.0,74.0,18.6,114.4,26.6,0.3,66,1
496,5,110.0,68.0,23.2,124.2,26.0,0.29,30,0
497,2,81.0,72.0,15.0,76.0,30.1,0.55,25,0
498,7,195.0,70.0,33.0,145.0,25.1,0.16,55,1
499,6,154.0,74.0,32.0,193.0,29.3,0.84,39,2
500,2,117.0,90.0,19.0,71.0,25.2,0.31,21,0
501,3,84.0,72.0,32.0,109.4,37.2,0.27,28,0
502,6,105.4,68.0,41.0,265.12,39.0,0.73,41,2
503,7,94.0,64.0,25.0,79.0,33.3,0.74,41,1
504,3,96.0,78.0,39.0,118.6,37.3,0.24,40,1
505,10,75.0,82.0,35.2,46.8,33.3,0.26,38,1
506,0,180.0,90.0,26.0,90.0,36.5,0.31,35,2
507,1,130.0,60.0,23.0,170.0,28.6,0.69,21,0
508,2,84.0,50.0,23.0,76.0,30.4,0.97,21,0
509,8,120.0,78.0,26.8,142.12,25.0,0.41,64,1
510,12,84.0,72.0,31.0,72.2,29.7,0.3,46,1
511,0,139.0,62.0,17.0,210.0,22.1,0.21,21,0
512,9,91.0,68.0,17.2,60.2,24.2,0.2,58,1
513,2,91.0,62.0,17.2,99.2,27.3,0.52,22,0
514,3,99.0,54.0,19.0,86.0,25.6,0.15,24,0
515,3,163.0,70.0,18.0,105.0,31.6,0.27,28,0
516,9,145.0,88.0,34.0,165.0,30.3,0.77,53,1
517,7,125.0,86.0,32.8,175.6,37.6,0.3,51,1
518,13,76.0,60.0,27.0,44.8,32.8,0.18,41,1
519,6,129.0,90.0,7.0,326.0,19.6,0.58,60,1
520,2,68.0,70.0,32.0,66.0,25.0,0.19,25,0
521,3,124.0,80.0,33.0,130.0,33.2,0.3,26,0
522,6,114.0,69.2,26.4,151.6,31.68,0.19,26,0
523,9,130.0,70.0,28.8,174.2,34.2,0.65,45,1
524,3,125.0,58.0,24.6,180.8,31.6,0.15,24,0
525,3,87.0,60.0,18.0,56.0,21.8,0.44,21,0
526,1,97.0,64.0,19.0,82.0,18.2,0.3,21,0
527,3,116.0,74.0,15.0,105.0,26.3,0.11,24,0
528,0,117.0,66.0,31.0,188.0,30.8,0.49,22,0
529,0,111.0,65.0,20.2,149.2,24.6,0.66,31,0
530,2,122.0,60.0,18.0,106.0,29.8,0.72,22,0
531,0,107.0,76.0,35.8,195.6,45.3,0.69,24,2
532,1,86.0,66.0,52.0,65.0,41.3,0.92,29,0
533,6,91.0,64.4,24.8,125.0,29.8,0.5,31,0
534,1,77.0,56.0,30.0,56.0,33.3,1.2,24,0
535,4,132.0,77.6,27.8,159.2,32.9,0.3,23,0
536,0,105.0,90.0,23.4,112.6,29.6,0.2,46,1
537,0,57.0,60.0,25.6,45.0,21.7,0.74,67,0
538,0,127.0,80.0,37.0,210.0,36.3,0.8,23,2
539,3,129.0,92.0,49.0,155.0,36.4,0.97,32,2
540,8,100.0,74.0,40.0,215.0,39.4,0.66,43,1
541,3,128.0,72.0,25.0,190.0,32.4,0.55,27,0
542,10,90.0,85.0,32.0,89.8,34.9,0.82,56,1
543,4,84.0,90.0,23.0,56.0,39.5,0.16,25,0
544,1,88.0,78.0,29.0,76.0,32.0,0.36,29,0
545,8,186.0,90.0,35.0,225.0,34.5,0.42,37,2
546,5,187.0,76.0,27.0,207.0,43.6,1.03,53,2
547,4,131.0,68.0,21.0,166.0,33.1,0.16,28,0
548,1,164.0,82.0,43.0,67.0,32.8,0.34,50,1
549,4,189.0,104.0,31.0,192.6,28.5,0.68,37,2
550,1,116.0,70.0,28.0,138.4,27.4,0.2,21,0
551,3,84.0,68.0,30.0,106.0,31.9,0.59,25,0
552,6,114.0,88.0,18.6,120.2,27.8,0.25,66,1
553,1,88.0,62.0,24.0,44.0,29.9,0.42,23,0
554,1,84.0,64.0,23.0,115.0,36.9,0.47,28,0
555,7,124.0,70.0,33.0,215.0,25.5,0.16,37,1
556,1,97.0,70.0,40.0,134.6,38.1,0.22,30,0
557,8,110.0,76.0,27.6,94.4,27.8,0.24,58,1
558,11,103.0,68.0,40.0,137.6,46.2,0.13,42,1
559,11,85.0,74.0,23.0,61.6,30.1,0.3,35,1
560,6,125.0,76.0,34.6,151.8,33.8,0.12,54,1
561,0,198.0,66.0,32.0,274.0,41.3,0.5,28,2
562,1,87.0,68.0,34.0,77.0,37.6,0.4,24,0
563,6,99.0,60.0,19.0,54.0,26.9,0.5,32,0
564,0,91.0,80.0,26.6,78.2,32.4,0.6,27,0
565,2,95.0,54.0,14.0,88.0,26.1,0.75,22,0
566,1,99.0,72.0,30.0,18.0,38.6,0.41,21,0
567,6,92.0,62.0,32.0,126.0,32.0,0.08,46,1
568,4,154.0,72.0,29.0,126.0,31.3,0.34,37,1
569,0,121.0,66.0,30.0,165.0,34.3,0.2,33,0
570,3,78.0,70.0,26.2,67.2,32.5,0.27,39,0
571,2,130.0,96.0,26.8,159.8,22.6,0.27,21,0
572,3,111.0,58.0,31.0,44.0,29.5,0.43,22,0
573,2,98.0,60.0,17.0,120.0,34.7,0.2,22,0
574,1,143.0,86.0,30.0,330.0,30.1,0.89,23,2
575,1,119.0,44.0,47.0,63.0,35.5,0.28,25,0
576,6,108.0,44.0,20.0,130.0,24.0,0.81,35,0
577,2,118.0,80.0,36.4,183.6,42.9,0.69,21,2
578,10,133.0,68.0,21.0,181.72,27.0,0.24,36,1
579,2,197.0,70.0,57.0,280.85,34.7,0.57,62,2
580,0,151.0,90.0,46.0,274.05,42.1,0.37,21,2
581,6,109.0,60.0,27.0,103.2,25.0,0.21,27,0
582,12,121.0,78.0,17.0,95.4,26.5,0.26,62,1
583,8,100.0,76.0,32.0,122.6,38.7,0.19,42,1
584,8,124.0,76.0,24.0,360.62,28.7,0.69,52,2
585,1,93.0,56.0,11.0,58.4,22.5,0.42,22,0
586,8,143.0,66.0,34.0,247.52,34.9,0.13,41,2
587,6,103.0,66.0,20.4,110.4,24.3,0.25,29,0
588,3,176.0,86.0,27.0,156.0,33.3,1.15,52,2
589,0,73.0,54.0,18.6,46.0,21.1,0.34,25,0
590,11,111.0,84.0,40.0,213.0,46.8,0.92,45,1
591,2,112.0,78.0,50.0,140.0,39.4,0.18,24,2
592,3,132.0,80.0,29.8,153.8,34.4,0.4,44,1
593,2,82.0,52.0,22.0,115.0,28.5,1.2,25,0
594,6,123.0,72.0,45.0,230.0,33.6,0.73,34,2
595,0,188.0,82.0,14.0,185.0,32.0,0.68,22,2
596,0,67.0,76.0,38.2,48.2,45.3,0.19,46,1
597,1,89.0,40.0,19.0,25.0,27.8,0.56,21,0
598,1,173.0,74.0,37.2,148.6,36.8,0.09,38,2
599,1,109.0,40.0,18.0,120.0,23.1,0.41,26,0
600,1,108.0,88.0,19.0,87.6,27.1,0.4,24,0
601,6,96.0,66.8,21.0,94.0,23.7,0.19,28,0
602,1,124.0,74.0,36.0,123.4,27.8,0.1,30,0
603,7,150.0,78.0,29.0,126.0,35.2,0.69,54,1
604,4,183.0,73.8,25.2,175.72,28.4,0.21,36,2
605,1,124.0,60.0,32.0,154.4,35.8,0.51,21,0
606,1,181.0,78.0,42.0,293.0,40.0,1.2,22,2
607,1,92.0,62.0,25.0,41.0,19.5,0.48,25,0
608,0,152.0,82.0,39.0,272.0,41.5,0.27,27,2
609,1,111.0,62.0,13.0,182.0,24.0,0.14,23,0
610,3,106.0,54.0,21.0,158.0,30.9,0.29,24,0
611,3,174.0,58.0,22.0,194.0,32.9,0.59,36,2
612,7,168.0,88.0,42.0,321.0,38.2,0.79,40,2
613,6,105.0,80.0,28.0,137.8,32.5,0.88,26,1
614,11,138.0,74.0,26.0,144.0,36.1,0.56,50,1
615,3,106.0,72.0,21.4,105.4,25.8,0.21,27,0
616,6,117.0,96.0,23.0,94.4,28.7,0.16,30,1
617,2,68.0,62.0,13.0,15.0,20.1,0.26,23,0
618,9,112.0,82.0,24.0,110.6,28.2,1.2,50,1
619,0,119.0,65.6,27.8,94.4,32.4,0.14,24,0
620,2,112.0,86.0,42.0,160.0,38.4,0.25,28,2
621,2,92.0,76.0,20.0,54.0,24.2,1.2,28,0
622,6,183.0,94.0,32.6,233.52,40.8,1.2,45,2
623,0,94.0,70.0,27.0,115.0,43.5,0.35,21,0
624,2,108.0,64.0,38.0,105.4,30.8,0.16,21,0
625,4,90.0,88.0,47.0,54.0,37.7,0.36,29,1
626,0,125.0,68.0,25.0,134.4,24.7,0.21,21,0
627,0,132.0,78.0,28.2,127.6,32.4,0.39,21,0
628,5,128.0,80.0,28.0,132.0,34.6,0.14,45,1
629,4,94.0,65.0,22.0,62.0,24.7,0.15,21,0
630,7,114.0,64.0,20.2,171.4,27.4,0.73,34,0
631,0,102.0,78.0,40.0,90.0,34.5,0.24,24,0
632,2,111.0,60.0,18.0,162.8,26.2,0.34,23,0
633,1,128.0,82.0,17.0,183.0,27.5,0.12,22,0
634,10,92.0,62.0,16.8,102.0,25.9,0.17,31,0
635,13,104.0,72.0,27.6,118.6,31.2,0.46,38,1
636,5,104.0,74.0,24.2,96.2,28.8,0.15,48,1
637,2,94.0,76.0,18.0,66.0,31.6,0.65,23,0
638,7,97.0,76.0,32.0,91.0,40.9,0.87,32,1
639,1,100.0,74.0,12.0,46.0,19.5,0.15,28,0
640,0,102.0,86.0,17.0,105.0,29.3,0.7,27,0
641,4,128.0,70.0,28.0,220.32,34.3,0.3,24,2
642,6,147.0,80.0,23.0,141.0,29.5,0.18,50,1
643,4,90.0,62.4,18.2,40.2,28.0,0.61,31,0
644,3,103.0,72.0,30.0,152.0,27.6,0.73,27,0
645,2,157.0,74.0,35.0,360.62,39.4,0.13,30,2
646,1,167.0,74.0,17.0,144.0,23.4,0.45,33,0
647,0,179.0,50.0,36.0,159.0,37.8,0.46,22,2
648,11,136.0,84.0,35.0,130.0,28.3,0.26,42,1
649,0,107.0,60.0,25.0,117.6,26.4,0.13,23,0
650,1,91.0,54.0,25.0,100.0,25.2,0.23,23,0
651,1,117.0,60.0,23.0,106.0,33.8,0.47,27,0
652,5,123.0,74.0,40.0,77.0,34.1,0.27,28,1
653,2,120.0,54.0,19.0,117.8,26.8,0.46,27,0
654,1,106.0,70.0,28.0,135.0,34.2,0.14,22,0
655,2,155.0,52.0,27.0,360.62,38.7,0.24,25,2
656,2,101.0,58.0,35.0,90.0,21.8,0.16,22,0
657,1,120.0,80.0,48.0,200.0,38.9,1.16,41,2
658,11,127.0,104.0,38.8,144.6,39.0,0.19,51,1
659,3,80.0,82.0,31.0,70.0,34.2,1.2,27,0
660,10,162.0,84.0,31.4,118.0,27.7,0.18,54,1
661,1,199.0,76.0,43.0,304.85,42.9,1.2,22,2
662,8,167.0,104.0,46.0,231.0,37.6,0.16,43,2
663,9,145.0,80.0,46.0,130.0,37.9,0.64,40,1
664,6,115.0,60.0,39.0,132.4,33.7,0.24,40,1
665,1,112.0,80.0,45.0,132.0,34.8,0.22,24,2
666,4,145.0,82.0,18.0,183.92,32.5,0.24,70,1
667,10,111.0,70.0,27.0,117.2,27.5,0.14,40,1
668,6,98.0,58.0,33.0,190.0,34.0,0.43,43,1
669,9,154.0,78.0,30.0,100.0,30.9,0.16,45,1
670,6,165.0,68.0,26.0,168.0,33.6,0.63,49,1
671,1,99.0,58.0,10.0,150.8,25.4,0.55,21,0
672,10,68.0,104.0,23.0,49.0,35.5,0.28,47,1
673,3,123.0,100.0,35.0,240.0,50.25,0.88,22,2
674,8,91.0,82.0,30.8,83.2,35.6,0.59,68,1
675,6,195.0,70.0,36.6,203.85,30.9,0.33,31,2
676,9,156.0,86.0,30.0,98.8,24.8,0.23,53,1
677,0,93.0,60.0,29.8,114.4,35.3,0.26,25,0
678,3,121.0,52.0,39.6,129.4,36.0,0.13,25,0
679,2,101.0,58.0,17.0,265.0,24.2,0.61,23,0
680,2,56.0,56.0,28.0,45.0,24.2,0.33,22,0
681,0,162.0,76.0,36.0,226.92,49.6,0.36,26,2
682,0,95.0,64.0,39.0,105.0,44.6,0.37,22,0
683,4,125.0,80.0,28.2,150.6,32.3,0.54,27,0
684,5,136.0,82.0,34.4,212.72,36.97,0.64,69,1
685,2,129.0,74.0,26.0,205.0,33.2,0.59,25,2
686,3,130.0,64.0,18.2,196.32,23.1,0.31,22,0
687,1,107.0,50.0,19.0,110.6,28.3,0.18,29,0
688,1,140.0,74.0,26.0,180.0,24.1,0.83,23,0
689,1,144.0,82.0,46.0,180.0,46.1,0.34,46,2
690,8,107.0,80.0,22.8,85.8,24.6,0.86,34,1
691,13,158.0,104.0,38.8,223.52,42.3,0.26,44,1
692,2,121.0,70.0,32.0,95.0,39.1,0.89,23,0
693,7,129.0,68.0,49.0,125.0,38.5,0.44,43,1
694,2,90.0,60.0,16.8,51.0,23.5,0.19,25,0
695,7,142.0,90.0,24.0,360.62,30.4,0.13,43,2
696,3,169.0,74.0,19.0,125.0,29.9,0.27,31,0
697,0,99.0,56.8,16.2,78.0,25.0,0.25,22,0
698,4,127.0,88.0,11.0,155.0,34.5,0.6,28,1
699,4,118.0,70.0,30.6,112.8,44.5,0.9,26,2
700,2,122.0,76.0,27.0,200.0,35.9,0.48,26,2
701,6,125.0,78.0,31.0,160.52,27.6,0.56,49,1
702,1,168.0,88.0,29.0,212.32,35.0,0.9,52,2
703,2,129.0,77.2,42.2,141.2,38.5,0.3,41,2
704,4,110.0,76.0,20.0,100.0,28.4,0.12,27,0
705,6,80.0,80.0,36.0,68.4,39.8,0.18,28,1
706,10,115.0,74.8,30.4,148.8,36.19,0.26,30,1
707,2,127.0,46.0,21.0,335.0,34.4,0.18,22,2
708,9,164.0,78.0,27.8,113.0,32.8,0.15,45,1
709,2,93.0,64.0,32.0,160.0,38.0,0.67,23,0
710,3,158.0,64.0,13.0,360.62,31.2,0.3,24,2
711,5,126.0,78.0,27.0,22.0,29.6,0.44,40,1
712,10,129.0,62.0,36.0,258.85,41.2,0.44,38,2
713,0,134.0,58.0,20.0,291.0,26.4,0.35,21,0
714,3,102.0,74.0,23.6,112.2,29.5,0.12,32,0
715,7,187.0,50.0,33.0,360.62,33.9,0.83,34,2
716,3,173.0,78.0,39.0,185.0,33.8,0.97,31,2
717,10,94.0,72.0,18.0,53.0,23.1,0.6,56,1
718,1,108.0,60.0,46.0,178.0,35.5,0.42,24,2
719,5,97.0,76.0,27.0,104.6,35.6,0.38,52,1
720,4,83.0,86.0,19.0,57.0,29.3,0.32,34,0
721,1,114.0,66.0,36.0,200.0,38.1,0.29,21,2
722,1,149.0,68.0,29.0,127.0,29.3,0.35,42,0
723,5,117.0,86.0,30.0,105.0,39.1,0.25,42,1
724,1,111.0,94.0,20.8,111.8,32.8,0.26,45,1
725,4,112.0,78.0,40.0,151.4,39.4,0.24,38,1
726,1,116.0,78.0,29.0,180.0,36.1,0.5,25,2
727,0,141.0,84.0,26.0,248.12,32.4,0.43,22,2
728,2,175.0,88.0,28.0,219.72,22.9,0.33,22,2
729,2,92.0,52.0,23.6,76.6,30.1,0.14,22,0
730,3,130.0,78.0,23.0,79.0,28.4,0.32,34,0
731,8,120.0,86.0,26.8,145.4,28.4,0.26,22,1
732,2,174.0,88.0,37.0,120.0,44.5,0.65,24,2
733,2,106.0,56.0,27.0,165.0,29.0,0.43,22,0
734,2,105.0,75.0,20.0,82.0,23.3,0.56,53,1
735,4,95.0,60.0,32.0,132.6,35.4,0.28,28,0
736,0,126.0,86.0,27.0,120.0,27.4,0.52,21,0
737,8,65.0,72.0,23.0,45.2,32.0,0.6,42,1
738,2,99.0,60.0,17.0,160.0,36.6,0.45,21,0
739,1,102.0,74.0,33.0,170.6,39.5,0.29,42,1
740,11,120.0,80.0,37.0,150.0,42.3,0.78,48,1
741,3,102.0,44.0,20.0,94.0,30.8,0.4,26,0
742,1,109.0,58.0,18.0,116.0,28.5,0.22,22,0
743,9,140.0,94.0,32.4,231.32,32.7,0.73,45,1
744,13,153.0,88.0,37.0,140.0,40.6,1.17,39,1
745,12,100.0,84.0,33.0,105.0,30.0,0.49,46,1
746,1,147.0,94.0,41.0,176.6,49.3,0.36,27,2
747,1,81.0,74.0,41.0,57.0,46.3,1.1,32,0
748,3,187.0,70.0,22.0,200.0,36.4,0.41,36,2
749,6,162.0,62.0,21.0,189.52,24.3,0.18,50,1
750,4,136.0,70.0,29.8,112.8,31.2,1.18,22,0
751,1,121.0,78.0,39.0,74.0,39.0,0.26,28,0
752,3,108.0,62.0,24.0,117.6,26.0,0.22,25,0
753,0,181.0,88.0,44.0,360.62,43.3,0.22,26,2
754,8,154.0,78.0,32.0,148.0,32.4,0.44,45,1
755,1,128.0,88.0,39.0,110.0,36.5,1.06,37,2
756,7,137.0,90.0,41.0,127.6,32.0,0.39,39,1
757,0,123.0,72.0,37.8,171.32,36.3,0.26,52,1
758,1,106.0,76.0,35.8,159.0,37.5,0.2,26,0
759,6,190.0,92.0,24.6,210.52,35.5,0.28,66,1
760,2,88.0,58.0,26.0,16.0,28.4,0.77,22,0
761,9,170.0,74.0,31.0,225.92,44.0,0.4,43,2
762,9,89.0,62.0,18.6,44.0,22.5,0.14,33,0
763,10,101.0,76.0,48.0,180.0,32.9,0.17,63,1
764,2,122.0,70.0,27.0,205.12,36.8,0.34,27,2
765,5,121.0,72.0,23.0,112.0,26.2,0.24,30,0
766,1,126.0,60.0,20.6,180.8,30.1,0.35,47,0
767,1,93.0,70.0,31.0,81.8,30.4,0.32,23,0
